timestamp,infile_mtx,n,nnz,pe_grid,source,channels,rounds_completed,max_rounds,matrix_symmetric,h2d_matrix_min_cycles,h2d_matrix_max_cycles,h2d_matrix_avg_cycles,h2d_seed_min_cycles,h2d_seed_max_cycles,h2d_seed_avg_cycles,d2h_min_cycles,d2h_max_cycles,d2h_avg_cycles,round_duration_cycles,total_runtime_cycles,visited_bcast_min_cycles,visited_bcast_max_cycles,visited_bcast_avg_cycles,visited_bcast_adjusted_min_cycles,visited_bcast_adjusted_max_cycles,visited_bcast_adjusted_avg_cycles,vertical_bcast_min_cycles,vertical_bcast_max_cycles,vertical_bcast_avg_cycles,vertical_bcast_adjusted_min_cycles,vertical_bcast_adjusted_max_cycles,vertical_bcast_adjusted_avg_cycles,local_compute_min_cycles,local_compute_max_cycles,local_compute_avg_cycles,local_compute_reset_min_cycles,local_compute_reset_max_cycles,local_compute_reset_avg_cycles,local_compute_compact_min_cycles,local_compute_compact_max_cycles,local_compute_compact_avg_cycles,local_compute_expand_min_cycles,local_compute_expand_max_cycles,local_compute_expand_avg_cycles,reduce_min_cycles,reduce_max_cycles,reduce_avg_cycles,reduce_adjusted_min_cycles,reduce_adjusted_max_cycles,reduce_adjusted_avg_cycles,local_term_cond_min_cycles,local_term_cond_max_cycles,local_term_cond_avg_cycles,relay_col_reduce_min_cycles,relay_col_reduce_max_cycles,relay_col_reduce_avg_cycles,relay_col_reduce_adjusted_min_cycles,relay_col_reduce_adjusted_max_cycles,relay_col_reduce_adjusted_avg_cycles,relay_row_reduce_min_cycles,relay_row_reduce_max_cycles,relay_row_reduce_avg_cycles,relay_row_reduce_adjusted_min_cycles,relay_row_reduce_adjusted_max_cycles,relay_row_reduce_adjusted_avg_cycles,relay_row_bcast_min_cycles,relay_row_bcast_max_cycles,relay_row_bcast_avg_cycles,relay_row_bcast_adjusted_min_cycles,relay_row_bcast_adjusted_max_cycles,relay_row_bcast_adjusted_avg_cycles,relay_col_bcast_min_cycles,relay_col_bcast_max_cycles,relay_col_bcast_avg_cycles,relay_col_bcast_adjusted_min_cycles,relay_col_bcast_adjusted_max_cycles,relay_col_bcast_adjusted_avg_cycles,relay_total_min_cycles,relay_total_max_cycles,relay_total_avg_cycles,relay_critical_path_cycles,direction_history,nf_history,transpose_min_cycles,transpose_max_cycles,transpose_avg_cycles,search_time_cycles,visited_count,m_edges_traversed,m_convention,clock_freq_hz,search_time_seconds,gteps,search_time_cycles_no_transfer,gteps_no_transfer
2026-07-20T14:48:37.347422+00:00,rmat_s4_e4.mtx,16,68,4x4,0,1,4,10,True,8593,8596,8594.2,1198,1405,1239.4,1462,1474,1470.0,3922;6036;3761;3761,17785,366;343;362;362,377;1574;371;371,370.0;845.1;366.8;366.8,-4;343;362;362,377;1574;371;371,137.9;845.1;366.8;366.8,327;312;326;326,339;1605;339;339,333.2;753.0;333.2;333.2,-4;-584;-4;-4,339;1605;339;339,124.6;220.6;123.6;123.6,146;145;145;145,687;592;439;439,377.1;426.8;341.3;334.4,53;53;53;53,53;53;53;53,53.0;53.0;53.0;53.0,60;59;59;59,601;506;353;353,291.1;340.8;255.3;248.4,33;33;33;33,33;33;33;33,33.0;33.0;33.0;33.0,570;570;570;570,1162;1979;923;923,755.1;903.1;688.9;695.8,-57;-57;-57;-57,624;684;624;624,277.5;309.4;277.1;277.1,45;45;45;45,87;87;87;87,55.5;55.5;55.5;55.5,323;323;323;323,788;1399;684;684,534.2;578.5;492.8;492.8,-4;-4;-4;-4,685;791;670;670,228.9;210.8;193.4;193.4,41;41;41;41,793;909;887;887,199.8;207.9;204.2;204.2,41;-5;41;41,625;625;625;625,115.5;108.7;113.8;113.8,33;33;33;33,569;566;527;527,145.8;132.0;139.8;139.8,-4;-4;-4;-4,569;566;527;527,93.1;86.1;88.8;88.8,327;327;327;327,1451;1526;1504;1504,1143.4;1126.3;1138.5;1138.5,-4;-4;-4;-4,1451;1526;1504;1504,706.2;694.9;703.0;703.0,1762;1653;1735;1735,2309;2917;2163;2163,2023.2;2044.8;1975.3;1975.3,1860;1941;1919;1919,0;1;1;1,9;5;1;0,64,2269,1071.8,23163,16,34,undirected_dedup,875000000.0,2.6472e-05,0.0012843759443940768,20284,0.0014666732399921118
2026-07-20T14:54:52.744015+00:00,rmat_s4_e4.mtx,16,68,4x4,0,1,4,10,True,8593,8596,8594.2,1198,1405,1239.4,1462,1474,1470.0,3922;6036;3761;3761,17785,366;343;362;362,377;1574;371;371,370.0;845.1;366.8;366.8,-4;343;362;362,377;1574;371;371,137.9;845.1;366.8;366.8,327;312;326;326,339;1605;339;339,333.2;753.0;333.2;333.2,-4;-584;-4;-4,339;1605;339;339,124.6;220.6;123.6;123.6,146;145;145;145,687;592;439;439,377.1;426.8;341.3;334.4,53;53;53;53,53;53;53;53,53.0;53.0;53.0;53.0,60;59;59;59,601;506;353;353,291.1;340.8;255.3;248.4,33;33;33;33,33;33;33;33,33.0;33.0;33.0;33.0,570;570;570;570,1162;1979;923;923,755.1;903.1;688.9;695.8,-57;-57;-57;-57,624;684;624;624,277.5;309.4;277.1;277.1,45;45;45;45,87;87;87;87,55.5;55.5;55.5;55.5,323;323;323;323,788;1399;684;684,534.2;578.5;492.8;492.8,-4;-4;-4;-4,685;791;670;670,228.9;210.8;193.4;193.4,41;41;41;41,793;909;887;887,199.8;207.9;204.2;204.2,41;-5;41;41,625;625;625;625,115.5;108.7;113.8;113.8,33;33;33;33,569;566;527;527,145.8;132.0;139.8;139.8,-4;-4;-4;-4,569;566;527;527,93.1;86.1;88.8;88.8,327;327;327;327,1451;1526;1504;1504,1143.4;1126.3;1138.5;1138.5,-4;-4;-4;-4,1451;1526;1504;1504,706.2;694.9;703.0;703.0,1762;1653;1735;1735,2309;2917;2163;2163,2023.2;2044.8;1975.3;1975.3,1860;1941;1919;1919,0;1;1;1,9;5;1;0,0;64;0;0,0;2269;0;0,0.0;1071.8;0.0;0.0,23163,16,34,undirected_dedup,875000000.0,2.6472e-05,0.0012843759443940768,20284,0.0014666732399921118
2026-07-20T15:44:37.392716+00:00,rmat_s4_e4.mtx,16,68,4x4,0,1,4,10,True,8593,8596,8594.2,1198,1405,1239.4,1462,1474,1470.0,3924;6030;3763;3763,17800,366;343;362;362,377;1574;371;371,370.0;844.6;366.8;366.8,-4;343;362;362,377;1574;371;371,137.9;844.6;366.8;366.8,327;312;326;326,339;1605;339;339,333.2;753.2;333.2;333.2,-4;-584;-4;-4,339;1605;339;339,124.6;220.8;123.6;123.6,146;145;145;145,687;592;439;439,377.1;426.8;341.3;334.4,53;53;53;53,53;53;53;53,53.0;53.0;53.0;53.0,60;59;59;59,601;506;353;353,291.1;340.8;255.3;248.4,33;33;33;33,33;33;33;33,33.0;33.0;33.0;33.0,570;570;570;570,1162;1979;923;923,755.1;903.1;688.9;695.8,-57;-57;-57;-57,624;684;624;624,277.5;309.4;277.1;277.1,45;45;45;45,89;89;89;89,56.0;56.0;56.0;56.0,323;323;323;323,790;1401;686;686,535.8;580.0;494.3;494.3,-4;-4;-4;-4,687;793;672;672,229.6;211.6;194.1;194.1,41;41;41;41,793;909;887;887,199.8;207.9;204.2;204.2,41;-5;41;41,625;625;625;625,115.5;108.7;113.8;113.8,33;33;33;33,569;566;527;527,145.8;132.0;139.8;139.8,-4;-4;-4;-4,569;566;527;527,93.1;86.1;88.8;88.8,327;327;327;327,1451;1526;1504;1504,1143.4;1126.3;1138.5;1138.5,-4;-4;-4;-4,1451;1526;1504;1504,706.2;694.9;703.0;703.0,1762;1653;1735;1735,2311;2919;2165;2165,2024.8;2046.2;1976.8;1976.8,1860;1941;1919;1919,0;1;1;1,9;5;1;0,0;79;0;0,0;2276;0;0,0.0;1079.0;0.0;0.0,23178,16,34,undirected_dedup,875000000.0,2.6489142857142856e-05,0.0012835447407023902,20299,0.001465589437903345
2026-07-27T19:39:47.999506+00:00,rmat_s6_e4.balanced4x4.mtx,64,165,4x4,0,1,4,10,False,8834,8837,8835.0,1198,1406,1239.7,3458,3470,3466.0,4484;4975;4351;4217,18267,367;362;362;362,378;371;371;371,371.0;366.8;366.8;366.8,-4;362;362;362,378;371;371;371,138.3;366.8;366.8;366.8,327;326;326;326,339;339;339;339,333.2;333.2;333.2;333.2,-4;-4;-4;-4,339;339;339;339,124.6;123.6;123.6;123.6,358;236;236;236,1246;1628;1073;893,639.8;1071.6;674.9;513.4,53;53;53;53,53;53;53;53,53.0;53.0;53.0;53.0,272;150;150;150,1160;1542;987;807,553.8;985.6;588.9;427.4,33;33;33;33,33;33;33;33,33.0;33.0;33.0;33.0,570;570;570;570,1451;1558;1409;1361,806.7;831.8;816.4;759.3,-7;3;3;3,653;1403;627;649,284.8;461.1;336.6;334.5,45;45;45;45,89;89;89;89,56.0;56.0;56.0;56.0,314;304;323;304,1017;1138;1410;1342,632.1;687.0;659.4;635.2,-69;-33;-4;-65,995;1093;1410;1342,324.0;260.2;282.2;233.5,41;41;41;41,793;953;820;968,198.9;216.4;200.9;223.1,41;41;41;-5,753;625;625;625,132.9;118.1;112.8;108.7,33;33;33;33,818;712;489;695,181.1;164.6;133.5;140.1,-4;-4;-4;-4,818;712;489;695,118.1;100.6;83.4;94.1,327;327;327;327,1828;1862;1437;1585,1257.4;1247.6;1109.8;1189.9,-4;-4;-4;-4,1828;1858;1437;1585,782.3;775.6;684.4;735.7,1811;1789;1719;1653,2658;2752;2797;2663,2269.6;2315.7;2103.7;2188.2,2233;2271;1850;2050,0;0;0;0,26;19;4;0,0;0;0;0,0;0;0;0,0.0;0.0;0.0;0.0,24655,50,164,directed_source_visited,875000000.0,2.8177142857142858e-05,0.005820320421821131,19779,0.0072551696243490565
2026-07-27T19:43:37.033825+00:00,rmat_s6_e4.balanced4x4.mtx,64,165,4x4,0,1,4,10,False,8834,8836,8834.8,1198,1405,1239.4,3467,3479,3475.0,4484;4975;4351;4217,18267,367;362;362;362,378;371;371;371,371.0;366.8;366.8;366.8,-4;362;362;362,378;371;371;371,138.3;366.8;366.8;366.8,327;326;326;326,339;339;339;339,333.2;333.2;333.2;333.2,-4;-4;-4;-4,339;339;339;339,124.6;123.6;123.6;123.6,358;236;236;236,1246;1628;1073;893,639.8;1071.6;674.9;513.4,53;53;53;53,53;53;53;53,53.0;53.0;53.0;53.0,272;150;150;150,1160;1542;987;807,553.8;985.6;588.9;427.4,33;33;33;33,33;33;33;33,33.0;33.0;33.0;33.0,570;570;570;570,1451;1558;1409;1361,806.7;831.8;816.4;759.3,-7;3;3;3,653;1403;627;649,284.8;461.1;336.6;334.5,45;45;45;45,89;89;89;89,56.0;56.0;56.0;56.0,314;304;323;304,1017;1138;1410;1342,632.1;687.0;659.4;635.2,-69;-33;-4;-65,995;1093;1410;1342,324.0;260.2;282.2;233.5,41;41;41;41,793;953;820;968,198.9;216.4;200.9;223.1,41;41;41;-5,753;625;625;625,132.9;118.1;112.8;108.7,33;33;33;33,818;712;489;695,181.1;164.6;133.5;140.1,-4;-4;-4;-4,818;712;489;695,118.1;100.6;83.4;94.1,327;327;327;327,1828;1862;1437;1585,1257.4;1247.6;1109.8;1189.9,-4;-4;-4;-4,1828;1858;1437;1585,782.3;775.6;684.4;735.7,1811;1789;1719;1653,2658;2752;2797;2663,2269.6;2315.7;2103.7;2188.2,2233;2271;1850;2050,0;0;0;0,26;19;4;0,0;0;0;0,0;0;0;0,0.0;0.0;0.0;0.0,24663,50,164,directed_source_visited,875000000.0,2.8186285714285714e-05,0.00581843246969144,19779,0.0072551696243490565
2026-07-27T20:25:25.504954+00:00,rmat_s6_e4.balanced4x4.mtx,64,165,4x4,0,4,4,10,False,8825,8835,8831.2,1198,1405,1239.4,1728,1740,1736.0,4484;4975;4351;4217,18267,367;362;362;362,378;371;371;371,371.0;366.8;366.8;366.8,-4;362;362;362,378;371;371;371,138.3;366.8;366.8;366.8,327;326;326;326,339;339;339;339,333.2;333.2;333.2;333.2,-5;-5;-5;-5,339;339;339;339,125.0;124.0;124.0;124.0,358;236;236;236,1246;1628;1073;893,639.8;1071.6;674.9;513.4,53;53;53;53,53;53;53;53,53.0;53.0;53.0;53.0,272;150;150;150,1160;1542;987;807,553.8;985.6;588.9;427.4,33;33;33;33,33;33;33;33,33.0;33.0;33.0;33.0,570;570;570;570,1451;1558;1409;1361,806.7;831.8;816.4;759.3,-7;3;3;3,653;1403;627;649,284.8;461.1;336.6;334.5,45;45;45;45,89;89;89;89,56.0;56.0;56.0;56.0,314;304;323;304,1017;1138;1410;1342,632.1;687.0;659.4;635.2,-69;-32;-5;-64,995;1093;1410;1342,324.4;260.7;282.6;234.0,41;41;41;41,793;953;820;968,198.9;216.4;200.9;223.1,41;41;41;-5,753;625;625;625,132.9;118.1;112.8;108.7,33;33;33;33,818;712;489;695,181.1;164.6;133.5;140.1,-4;-4;-4;-4,818;712;489;695,118.1;100.6;83.4;94.1,327;327;327;327,1828;1862;1437;1585,1257.4;1247.6;1109.8;1189.9,-1;-1;-1;-1,1828;1858;1437;1585,783.3;776.6;685.4;736.7,1811;1789;1719;1653,2658;2752;2797;2663,2269.6;2315.7;2103.7;2188.2,2233;2268;1847;2047,0;0;0;0,26;19;4;0,0;0;0;0,0;0;0;0,0.0;0.0;0.0;0.0,22915,50,164,directed_source_visited,875000000.0,2.618857142857143e-05,0.006262273619899629,19770,0.007258472432979261
2026-07-27T20:31:45.813185+00:00,rmat_s6_e4.balanced4x4.mtx,64,165,4x4,0,4,4,10,False,4014609,4014609,4014609.0,830260,830260,830260.0,833905,833905,833905.0,4556;5106;4435;4308,18630,378;374;374;374,393;383;383;383,386.4;378.1;378.1;378.1,-4;374;374;374,393;383;383;383,144.4;378.1;378.1;378.1,338;335;335;335,349;353;353;353,343.8;343.8;343.8;343.8,-4;-4;-4;-4,349;353;353;353,129.0;129.5;129.5;129.5,349;227;227;227,1221;1619;1060;884,628.0;1058.6;664.4;504.4,50;50;50;50,50;50;50;50,50.0;50.0;50.0;50.0,270;148;148;148,1142;1540;981;805,549.0;979.6;585.4;425.4,29;29;29;29,29;29;29;29,29.0;29.0;29.0;29.0,631;631;631;632,1439;1568;1414;1384,823.0;850.9;840.4;786.2,-12;6;5;-5,660;1411;640;664,289.4;471.3;350.4;349.7,42;42;42;42,91;91;91;91,54.2;54.2;54.2;54.2,318;308;332;308,1018;1152;1370;1307,631.1;712.1;678.2;649.8,-68;-14;-4;-64,1003;1115;1370;1307,323.2;277.7;294.6;244.7,37;37;37;37,819;961;778;947,206.9;219.6;202.0;225.2,1;-5;-5;-5,746;648;648;648,129.6;120.7;112.5;108.4,29;29;29;29,843;731;479;716,174.8;172.5;131.7;138.4,-4;-4;-4;-4,843;727;479;716,112.6;103.0;79.5;90.2,339;338;338;338,1863;1968;1453;1628,1302.5;1316.2;1142.2;1227.8,-1;-1;-1;-1,1863;1964;1453;1628,811.7;821.2;705.5;761.2,1871;1872;1773;1708,2709;2869;2806;2678,2315.4;2420.4;2154.1;2241.2,2270;2373;1858;2110,0;0;0;0,26;19;4;0,0;0;0;0,0;0;0;0,0.0;0.0;0.0;0.0,1684249,50,164,directed_source_visited,875000000.0,0.001924856,8.520117868557439e-05,20084,0.007144991037641903
2026-07-28T12:01:20.900106+00:00,rmat4.4x4.lb.mtx,16,108,4x4,0,1,3,10,False,8142,8146,8143.5,1064,1230,1102.3,1229,1235,1233.0,3408;3999;3297,11070,294;279;279,300;283;283,296.2;281.2;281.2,-2;279;279,300;283;283,110.8;281.2;281.2,253;253;253,259;259;259,256.0;256.0;256.0,-3;-3;-3,259;259;259,96.1;95.6;95.6,296;854;296,939;1412;677,511.5;1099.3;464.1,50;50;50,50;50;50,50.0;50.0;50.0,215;773;215,858;1331;596,430.5;1018.3;383.1,31;31;31,31;31;31,31.0;31.0;31.0,470;470;470,1082;1077;948,685.4;671.2;579.8,-37;-8;1,494;806;494,223.1;284.4;228.1,41;41;41,87;87;87,52.5;52.5;52.5,246;225;225,880;899;746,487.3;456.2;435.5,-3;-41;-50,812;788;601,204.7;154.5;159.1,37;37;37,668;754;822,160.2;178.9;170.7,37;22;22,489;489;489,93.1;92.1;94.8,31;31;31,381;372;501,107.1;106.9;125.6,-2;-2;-2,381;372;501,67.8;67.2;77.9,249;249;249,1131;1242;1285,847.7;896.8;931.6,0;0;0,1131;1217;1285,523.6;554.2;578.5,1322;1322;1364,1954;1987;1862,1602.3;1638.8;1663.4,1451;1561;1677,0;0;0,13;2;0,0;0;0,0;0;0,0.0;0.0;0.0,13880,16,108,directed_source_visited,875000000.0,1.5862857142857144e-05,0.006808357348703169,11415,0.008278580814717476
2026-07-28T12:03:24.204545+00:00,rmat_s6_e4.balanced8x8.mtx,64,165,8x8,0,1,5,10,False,8962,8971,8967.9,1064,1231,1083.0,2771,2785,2781.0,3331;3580;3480;3048;3118,17289,294;279;279;279;279,308;287;287;287;287,298.1;283.1;283.1;283.1;283.1,-2;279;279;279;279,308;287;287;287;287,64.7;283.1;283.1;283.1;283.1,253;251;251;251;251,259;263;263;263;263,256.5;256.5;256.5;256.5;256.5,-3;-3;-3;-3;-3,259;259;259;259;259,55.6;54.9;54.9;54.9;54.9,131;131;131;131;131,851;1058;932;523;644,326.6;500.2;323.4;275.0;277.0,50;50;50;50;50,50;50;50;50;50,50.0;50.0;50.0;50.0;50.0,50;50;50;50;50,770;977;851;442;563,245.6;419.2;242.4;194.0;196.0,31;31;31;31;31,31;31;31;31;31,31.0;31.0;31.0;31.0;31.0,470;470;470;470;470,1109;1358;1344;912;924,685.5;699.2;622.0;561.2;561.3,-37;-37;-37;-37;-37,494;846;494;494;494,124.8;197.7;160.8;139.1;144.2,41;41;41;41;41,87;87;87;87;87,46.8;46.8;46.8;46.8;46.8,230;229;225;225;225,937;1180;1166;734;796,480.0;549.0;554.6;441.5;461.0,-58;-162;-160;-51;-46,772;1031;1166;734;796,102.6;110.7;97.4;94.3;99.8,37;37;37;37;37,864;612;916;681;789,106.5;97.9;116.1;102.0;102.3,-37;-39;-37;-37;-8,489;489;489;489;489,50.6;50.5;48.0;47.7;48.8,31;31;31;31;31,497;708;792;495;565,75.7;86.9;88.0;74.4;80.1,-2;-2;-2;-2;-2,497;708;784;487;557,41.4;44.4;44.2;39.6;41.8,249;249;249;249;249,1328;1415;1636;1221;1295,1045.4;1060.4;1189.6;1007.5;1050.0,-3;-3;-3;-3;-3,1328;1415;1636;1221;1293,289.4;292.9;326.7;278.3;289.7,1346;1371;1287;1287;1285,2104;2303;2276;1844;1914,1707.6;1794.2;1948.3;1625.4;1693.3,1656;1742;1963;1549;1619,0;0;0;0;0,26;21;1;1;0,0;0;0;0;0,0;0;0;0;0,0.0;0.0;0.0;0.0;0.0,22561,50,161,directed_source_visited,875000000.0,2.5784e-05,0.006244182438721688,18545,0.0075963871663521166
2026-07-28T12:16:42.245561+00:00,rmat4.4x4.lb.mtx,16,108,4x4,0,1,3,10,False,8142,8146,8143.5,1064,1230,1102.3,872,892,887.0,3431;4022;3320,11139,299;284;284,305;288;288,301.2;286.2;286.2,-2;284;284,305;288;288,112.6;286.2;286.2,252;252;252,258;258;258,255.0;255.0;255.0,-3;-3;-3,258;258;258,95.7;95.2;95.2,296;854;296,939;1412;677,511.5;1099.3;464.1,50;50;50,50;50;50,50.0;50.0;50.0,215;773;215,858;1331;596,430.5;1018.3;383.1,31;31;31,31;31;31,31.0;31.0;31.0,473;473;473,1081;1076;947,687.8;673.7;581.9,-37;-8;1,497;811;497,223.5;284.8;228.3,41;41;41,87;87;87,52.5;52.5;52.5,245;225;225,875;894;741,483.9;453.4;432.6,-3;-46;-50,807;783;596,203.2;153.0;157.8,37;37;37,683;767;834,162.9;181.4;173.1,37;22;22,498;498;498,94.8;93.8;96.4,31;31;31,394;385;514,109.7;109.6;128.4,-2;-2;-2,394;385;514,69.4;68.9;79.6,248;248;248,1150;1263;1301,862.4;910.8;946.1,0;0;0,1150;1234;1301,533.6;563.5;588.4,1342;1342;1384,1970;2003;1878,1618.9;1655.2;1680.2,1469;1581;1695,0;0;0,13;2;0,0;0;0,0;0;0,0.0;0.0;0.0,13616,16,108,directed_source_visited,875000000.0,1.556114285714286e-05,0.006940364277320798,11494,0.008221680876979295
2026-07-28T12:17:16.768288+00:00,collision4x4.mtx,16,6,4x4,0,1,3,10,False,7743,7745,7743.5,1064,1230,1102.3,872,892,887.0,2949;2988;2838,9141,299;284;284,305;288;288,301.2;286.2;286.2,-2;284;284,305;288;288,112.6;286.2;286.2,252;252;252,258;258;258,255.0;255.0;255.0,-2;-2;-2,258;258;258,95.7;95.2;95.2,131;131;131,387;387;228,197.2;197.2;167.4,50;50;50,50;50;50,50.0;50.0;50.0,50;50;50,306;306;147,116.2;116.2;86.4,31;31;31,31;31;31,31.0;31.0;31.0,473;473;473,749;899;740,561.9;548.9;539.0,-2;1;1,497;497;497,218.1;214.5;214.5,41;41;41,87;87;87,52.5;52.5;52.5,245;225;245,578;693;534,424.7;388.4;385.4,-2;-25;-2,578;693;534,192.5;136.6;156.4,37;37;37,637;800;650,166.2;173.2;163.8,22;22;22,498;498;498,92.1;93.2;93.8,31;31;31,441;563;413,110.8;131.3;113.1,-2;-2;-2,441;563;413,72.3;79.4;70.6,248;248;248,1121;1276;1126,875.6;955.2;875.6,-1;-1;-1,1121;1276;1126,541.9;594.0;541.9,1319;1333;1342,1721;1779;1629,1577.2;1648.1;1537.9,1440;1594;1444,0;0;0,3;1;0,0;0;0,0;0;0,0.0;0.0;0.0,11009,5,6,directed_source_visited,875000000.0,1.2581714285714286e-05,0.00047688255064038516,8887,0.0005907505344885787
2026-07-28T12:18:03.058812+00:00,rmat_s6_e4.balanced8x8.mtx,64,165,8x8,0,1,5,10,False,8962,8971,8966.0,1064,1231,1083.0,1100,1124,1120.2,3345;3598;3488;3056;3130,17349,298;283;283;283;283,312;291;291;291;291,302.1;287.1;287.1;287.1;287.1,-2;283;283;283;283,312;291;291;291;291,65.6;287.1;287.1;287.1;287.1,253;251;251;251;251,259;263;263;263;263,256.5;256.5;256.5;256.5;256.5,-3;-3;-3;-3;-3,259;259;259;259;259,55.8;55.0;55.0;55.0;55.0,131;131;131;131;131,851;1058;932;523;644,326.6;500.2;323.4;275.0;277.0,50;50;50;50;50,50;50;50;50;50,50.0;50.0;50.0;50.0;50.0,50;50;50;50;50,770;977;851;442;563,245.6;419.2;242.4;194.0;196.0,31;31;31;31;31,31;31;31;31;31,31.0;31.0;31.0;31.0;31.0,461;461;461;461;461,1106;1349;1335;903;919,679.5;695.2;618.1;556.8;557.0,-37;-37;-37;-37;-37,485;851;485;485;485,123.5;196.8;159.8;137.8;143.0,41;41;41;41;41,87;87;87;87;87,46.8;46.8;46.8;46.8;46.8,230;229;225;225;225,937;1180;1166;734;796,480.7;547.7;552.8;440.2;459.7,-65;-158;-163;-49;-49,772;1017;1166;734;796,102.8;110.6;96.7;93.1;98.6,37;37;37;37;37,881;656;913;686;790,106.7;98.1;115.8;101.7;102.3,-37;-1;-37;-37;-4,486;486;486;486;486,51.0;51.5;48.2;47.8;49.0,31;31;31;31;31,519;734;804;507;581,77.4;89.1;89.4;75.9;81.8,-2;-2;-2;-2;-2,519;734;800;503;577,42.1;45.2;44.7;40.1;42.4,249;249;249;249;249,1349;1432;1646;1228;1308,1058.8;1077.4;1198.1;1016.0;1061.9,-2;-2;-2;-2;-2,1349;1432;1646;1228;1306,293.4;298.0;329.3;281.0;293.4,1359;1390;1300;1300;1298,2123;2326;2289;1857;1931,1723.5;1812.3;1956.2;1633.8;1705.7,1677;1758;1971;1558;1632,0;0;0;0;0,26;21;1;1;0,0;0;0;0;0,0;0;0;0;0,0.0;0.0;0.0;0.0;0.0,20956,50,161,directed_source_visited,875000000.0,2.3949714285714286e-05,0.006722418400458102,18601,0.007573517552819741
2026-07-28T12:18:39.217611+00:00,rmat_s6_e4.balanced8x8.mtx,64,165,8x8,0,1,5,10,False,8962,8971,8965.6,1064,1231,1083.0,1100,1124,1120.2,3345;3598;3488;3056;3130,17349,298;283;283;283;283,312;291;291;291;291,302.1;287.1;287.1;287.1;287.1,-2;283;283;283;283,312;291;291;291;291,65.6;287.1;287.1;287.1;287.1,253;251;251;251;251,259;263;263;263;263,256.5;256.5;256.5;256.5;256.5,-3;-3;-3;-3;-3,259;259;259;259;259,55.6;54.8;54.8;54.8;54.8,131;131;131;131;131,851;1058;932;523;644,326.6;500.2;323.4;275.0;277.0,50;50;50;50;50,50;50;50;50;50,50.0;50.0;50.0;50.0;50.0,50;50;50;50;50,770;977;851;442;563,245.6;419.2;242.4;194.0;196.0,31;31;31;31;31,31;31;31;31;31,31.0;31.0;31.0;31.0;31.0,461;461;461;461;461,1106;1349;1335;903;919,679.5;695.2;618.1;556.8;557.0,-37;-37;-37;-37;-37,485;851;485;485;485,123.5;196.8;159.8;137.8;143.0,41;41;41;41;41,87;87;87;87;87,46.8;46.8;46.8;46.8;46.8,230;229;225;225;225,937;1180;1166;734;796,480.7;547.7;552.8;440.2;459.7,-63;-161;-162;-52;-50,772;1017;1166;734;796,102.6;110.4;96.5;92.9;98.4,37;37;37;37;37,881;656;913;686;790,106.7;98.1;115.8;101.7;102.3,-37;-1;-37;-37;-4,486;486;486;486;486,51.0;51.5;48.2;47.8;49.0,31;31;31;31;31,519;734;804;507;581,77.4;89.1;89.4;75.9;81.8,-2;-2;-2;-2;-2,519;734;800;503;577,42.1;45.2;44.7;40.1;42.4,249;249;249;249;249,1349;1432;1646;1228;1308,1058.8;1077.4;1198.1;1016.0;1061.9,-2;-2;-2;-2;-2,1349;1432;1646;1228;1306,293.1;297.7;328.9;280.6;293.0,1359;1390;1300;1300;1298,2123;2326;2289;1857;1931,1723.5;1812.3;1956.2;1633.8;1705.7,1677;1760;1972;1561;1635,0;0;0;0;0,26;21;1;1;0,0;0;0;0;0,0;0;0;0;0,0.0;0.0;0.0;0.0;0.0,20965,50,161,directed_source_visited,875000000.0,2.396e-05,0.0067195325542570945,18610,0.007569854916711445
