timestamp,infile_mtx,n,nnz,pe_grid,source,channels,rounds_completed,max_rounds,matrix_symmetric,parent_resolve_min_cycles,parent_resolve_max_cycles,parent_resolve_avg_cycles,round_duration_cycles,local_compute_min_cycles,local_compute_max_cycles,local_compute_avg_cycles,local_term_cond_min_cycles,local_term_cond_max_cycles,local_term_cond_avg_cycles,direction_history,nf_history,transpose_min_cycles,transpose_max_cycles,transpose_avg_cycles,visited_count,m_edges_traversed,m_convention,clock_freq_hz,search_time_cycles_no_transfer,gteps_no_transfer
2026-07-29T05:54:46.985641+00:00,rmat_s10_e16.balanced4x4.mtx,1024,21002,4x4,0,4,4,10,True,921,18752,9887.8,23871;114447;29284;13817,9166;95747;18934;9166,19813;110761;25461;9984,11996.5;102637.0;22657.4;9648.2,43;43;43;43,367;367;367;367,124.0;124.0;124.0;124.0,0;0;0;0,471;415;6;0,0;0;0;0,0;0;0;0,0.0;0.0;0.0;0.0,893,10501,undirected_dedup,875000000.0,232431,0.03953162443908084
2026-07-29T05:56:40.504809+00:00,rmat_s10_e16.balanced8x8.mtx,1024,21002,8x8,0,8,4,10,True,777,22284,11550.4,13359;35797;13442;8524,3355;22812;5357;3355,9825;32173;9801;4980,4703.4;27797.5;7497.5;4119.0,42;42;42;42,201;201;201;201,61.9;61.9;61.9;61.9,0;0;0;0,471;415;6;0,0;0;0;0,0;0;0;0,0.0;0.0;0.0;0.0,893,10501,undirected_dedup,875000000.0,109976,0.08354891067141922
2026-07-29T05:58:43.967431+00:00,rmat_s10_e16.balanced16x16.mtx,1024,21002,16x16,0,16,4,10,True,705,24908,12802.6,8170;13675;8424;6266,1310;5100;1370;1263,4339;9990;4734;2583,1937.6;7977.7;2682.2;1790.9,42;42;42;42,127;127;127;127,47.3;47.3;47.3;47.3,0;0;0;0,471;415;6;0,0;0;0;0,0;0;0;0,0.0;0.0;0.0;0.0,893,10501,undirected_dedup,875000000.0,72682,0.1264188519853609
2026-07-29T06:00:47.471211+00:00,rmat_s10_e16.balanced32x32.mtx,1024,21002,32x32,0,16,4,10,True,671,27586,14153.3,6554;8264;6151;5333,396;783;408;396,2358;4243;2174;1398,797.7;2438.4;993.9;758.4,42;42;42;42,91;91;91;91,43.5;43.5;43.5;43.5,0;0;0;0,471;415;6;0,0;0;0;0,0;0;0;0,0.0;0.0;0.0;0.0,893,10501,undirected_dedup,875000000.0,59248,0.15508329395085063
2026-07-29T06:04:50.916688+00:00,rmat_s10_e16.balanced64x64.mtx,1024,21002,64x64,0,16,4,10,True,632,31952,16366.8,6004;6607;5832;5548,135;135;135;135,1185;2003;1221;837,382.1;806.1;430.8;372.1,43;43;43;43,91;91;91;91,43.8;43.8;43.8;43.8,0;0;0;0,471;415;6;0,0;0;0;0,0;0;0;0,0.0;0.0;0.0;0.0,893,10501,undirected_dedup,875000000.0,58376,0.15739987323557625
2026-07-29T06:06:54.424724+00:00,rmat_s10_e16.balanced128x128.mtx,1024,21002,128x128,0,16,4,10,True,617,40221,20536.0,7470;7444;7001;6915,135;135;135;135,760;1168;789;532,223.9;334.3;236.1;221.3,43;43;43;43,91;91;91;91,43.4;43.4;43.4;43.4,0;0;0;0,471;415;6;0,0;0;0;0,0;0;0;0,0.0;0.0;0.0;0.0,893,10501,undirected_dedup,875000000.0,69786,0.1316650187716734
2026-07-29T06:10:08.847749+00:00,rmat_s10_e16.balanced256x256.mtx,1024,21002,256x256,0,16,4,10,True,612,56880,28941.9,10689;10118;10019;9925,135;135;135;135,599;843;627;411,162.7;191.7;165.8;162.0,42;42;42;42,91;91;91;91,42.2;42.2;42.2;42.2,0;0;0;0,471;415;6;0,0;0;0;0,0;0;0;0,0.0;0.0;0.0;0.0,893,10501,undirected_dedup,875000000.0,96068,0.09564449140192365
2026-07-29T06:16:34.262390+00:00,rmat_s10_e16.balanced512x512.mtx,1024,21002,512x512,0,16,4,10,True,615,88824,45096.4,17584;16490;16314;16383,135;135;135;135,420;500;500;333,142.6;149.6;143.3;142.4,41;41;41;41,91;91;91;91,41.1;41.1;41.1;41.1,0;0;0;0,471;415;6;0,0;0;0;0,0;0;0;0,0.0;0.0;0.0;0.0,893,10501,undirected_dedup,875000000.0,150401,0.06109251268276142
2026-07-29T06:25:11.826132+00:00,rmat_s10_e16.balanced750x750.mtx,1500,21002,750x750,0,16,4,10,True,620,129210,65419.3,23942;22179;22157;22159,135;135;135;135,419;500;500;333,138.6;141.9;138.9;138.5,41;41;41;41,91;91;91;91,41.1;41.1;41.1;41.1,0;0;0;0,471;415;6;0,0;0;0;0,0;0;0;0,0.0;0.0;0.0;0.0,893,10501,undirected_dedup,875000000.0,211564,0.04343071127412981
2026-07-29T06:27:47.282889+00:00,rmat_s11_e16.balanced4x4.mtx,2048,45468,4x4,0,4,5,10,True,1208,36539,19001.8,39673;231253;62020;24218;23906,17332;199555;48024;17332;17429,34886;226936;57624;19916;19604,22346.7;213935.1;53760.2;18611.8;18495.9,42;42;42;42;42,994;994;994;994;994,280.0;280.0;280.0;280.0;280.0,0;0;0;0;0,760;947;18;1;0,0;0;0;0;0,0;0;0;0;0,0.0;0.0;0.0;0.0;0.0,1727,22734,undirected_dedup,875000000.0,476657,0.04173283933730125
2026-07-29T06:29:41.005959+00:00,rmat_s11_e16.balanced8x8.mtx,2048,45468,8x8,0,8,5,10,True,922,43031,22054.1,19881;68444;24492;12156;12079,6836;46338;12881;6656;6656,16041;64730;20881;8421;8351,8570.2;57074.7;16805.6;7639.7;7611.0,42;42;42;42;42,365;365;365;365;365,82.4;82.4;82.4;82.4;82.4,0;0;0;0;0,760;947;18;1;0,0;0;0;0;0,0;0;0;0;0,0.0;0.0;0.0;0.0;0.0,1727,22734,undirected_dedup,875000000.0,214016,0.09294748990729666
2026-07-29T06:31:44.627555+00:00,rmat_s11_e16.balanced16x16.mtx,2048,45468,16x16,0,16,5,10,True,781,47154,23998.6,11621;24578;11495;7588;7588,2367;12249;3344;2367;2367,7897;20954;7769;3943;3943,3327.3;15985.2;5498.9;3091.5;3084.3,43;43;43;43;43,206;206;206;206;206,53.2;53.2;53.2;53.2;53.2,0;0;0;0;0,760;947;18;1;0,0;0;0;0;0,0;0;0;0;0,0.0;0.0;0.0;0.0;0.0,1727,22734,undirected_dedup,875000000.0,127565,0.15593814917885
2026-07-29T06:33:58.224704+00:00,rmat_s11_e16.balanced32x32.mtx,2048,45468,32x32,0,16,5,10,True,704,50884,25798.7,7784;11250;7328;5948;5948,743;1640;743;743;743,3688;7562;3503;2132;2132,1362.2;4630.2;1922.5;1303.1;1301.3,42;42;42;42;42,127;127;127;127;127,44.7;44.7;44.7;44.7;44.7,0;0;0;0;0,760;947;18;1;0,0;0;0;0;0,0;0;0;0;0,0.0;0.0;0.0;0.0;0.0,1727,22734,undirected_dedup,875000000.0,97729,0.20354500711150222
2026-07-29T06:35:51.984468+00:00,rmat_s11_e16.balanced64x64.mtx,2048,45468,64x64,0,16,5,10,True,672,55509,28146.4,6919;8037;6347;5971;5971,225;225;225;225;225,1846;3219;1887;1153;1153,567.0;1448.6;713.0;551.4;550.9,42;42;42;42;42,91;91;91;91;91,42.8;42.8;42.8;42.8;42.8,0;0;0;0;0,760;947;18;1;0,0;0;0;0;0,0;0;0;0;0,0.0;0.0;0.0;0.0;0.0,1727,22734,undirected_dedup,875000000.0,93877,0.2118969502647081
2026-07-29T06:37:55.745496+00:00,rmat_s11_e16.balanced128x128.mtx,2048,45468,128x128,0,16,5,10,True,632,63800,32325.5,7593;7738;7070;6997;6996,135;135;135;135;135,1015;1669;1205;715;715,293.3;522.3;329.7;289.3;289.2,43;43;43;43;43,91;91;91;91;91,43.4;43.4;43.4;43.4;43.4,0;0;0;0;0,760;947;18;1;0,0;0;0;0;0,0;0;0;0;0,0.0;0.0;0.0;0.0;0.0,1727,22734,undirected_dedup,875000000.0,102046,0.19493414734531486
2026-07-29T06:40:59.975444+00:00,rmat_s11_e16.balanced256x256.mtx,2048,45468,256x256,0,16,5,10,True,617,80097,40548.4,10919;10789;10171;10075;10075,135;135;135;135;135,760;1168;895;532;532,188.2;247.4;197.3;187.1;187.1,43;43;43;43;43,91;91;91;91;91,43.2;43.2;43.2;43.2;43.2,0;0;0;0;0,760;947;18;1;0,0;0;0;0;0,0;0;0;0;0,0.0;0.0;0.0;0.0;0.0,1727,22734,undirected_dedup,875000000.0,131041,0.15180172617730328
2026-07-29T06:46:35.455149+00:00,rmat_s11_e16.balanced512x512.mtx,2048,45468,512x512,0,16,5,10,True,612,113409,57355.5,17680;16494;16372;16299;16299,135;135;135;135;135,512;674;589;397;350,150.4;165.8;152.7;150.1;150.1,42;42;42;42;42,91;91;91;91;91,42.1;42.1;42.1;42.1;42.1,0;0;0;0;0,760;947;18;1;0,0;0;0;0;0,0;0;0;0;0,0.0;0.0;0.0;0.0;0.0,1727,22734,undirected_dedup,875000000.0,190375,0.10448982271831911
2026-07-29T06:55:23.303048+00:00,rmat_s11_e16.balanced750x750.mtx,2250,45468,750x750,0,16,5,10,True,612,146444,73992.8,23914;22236;22172;22128;22128,136;136;136;136;136,424;509;504;397;336,143.5;150.6;144.5;143.3;143.3,43;43;43;43;43,92;92;92;92;92,43.1;43.1;43.1;43.1;43.1,0;0;0;0;0,760;947;18;1;0,0;0;0;0;0,0;0;0;0;0,0.0;0.0;0.0;0.0;0.0,1727,22734,undirected_dedup,875000000.0,249220,0.07981803226065325
2026-07-29T07:05:29.898717+00:00,rmat_s12_e16.balanced8x8.mtx,4096,97194,8x8,0,8,4,10,True,1205,84547,43069.5,33699;134666;44566;20490,13246;103487;29791;12820,28800;130234;40101;16104,16055.2;119128.1;34561.9;14456.7,41;41;41;41,994;994;994;994,160.1;160.1;160.1;160.1,0;0;0;0,1336;1952;53;0,0;0;0;0,0;0;0;0,0.0;0.0;0.0;0.0,3342,48597,undirected_dedup,875000000.0,370281,0.1148381229390652
2026-07-29T07:07:43.785072+00:00,rmat_s12_e16.balanced16x16.mtx,4096,97194,16x16,0,16,4,10,True,923,91603,46360.6,17117;42495;17601;10843,4572;23365;6831;4572,12971;38602;13644;6910,6019.4;32371.6;10858.8;5623.0,42;42;42;42,366;366;366;366,62.2;62.2;62.2;62.2,0;0;0;0,1336;1952;53;0,0;0;0;0,0;0;0;0,0.0;0.0;0.0;0.0,3342,48597,undirected_dedup,875000000.0,208423,0.20401958996847758
2026-07-29T07:09:47.622863+00:00,rmat_s12_e16.balanced32x32.mtx,4096,97194,32x32,0,16,4,10,True,779,96806,48832.3,10382;18108;9640;7307,1450;5277;2038;1450,6206;14230;5910;3393,2314.1;9331.3;3604.9;2211.0,42;42;42;42,203;203;203;203,47.0;47.0;47.0;47.0,0;0;0;0,1336;1952;53;0,0;0;0;0,0;0;0;0,0.0;0.0;0.0;0.0,3342,48597,undirected_dedup,875000000.0,158199,0.2687904158686212
2026-07-29T07:11:51.466887+00:00,rmat_s12_e16.balanced64x64.mtx,4096,97194,64x64,0,16,4,10,True,707,102905,51840.6,7599;9817;7451;6636,407;231;231;231,2655;4884;2762;1823,953.3;2727.7;1275.0;928.1,41;41;41;41,126;126;126;126,42.3;42.3;42.3;42.3,0;0;0;0,1336;1952;53;0,0;0;0;0,0;0;0;0,0.0;0.0;0.0;0.0,3342,48597,undirected_dedup,875000000.0,143486,0.2963520831300615
2026-07-29T07:13:55.376672+00:00,rmat_s12_e16.balanced128x128.mtx,4096,97194,128x128,0,16,4,10,True,674,111460,56158.0,8214;8774;7983;7395,135;135;135;135,1411;2469;1553;982,412.1;890.6;495.0;405.4,42;42;42;42,91;91;91;91,42.4;42.4;42.4;42.4,0;0;0;0,1336;1952;53;0,0;0;0;0,0;0;0;0,0.0;0.0;0.0;0.0,3342,48597,undirected_dedup,875000000.0,147451,0.28838308997565293
2026-07-29T07:16:59.959028+00:00,rmat_s12_e16.balanced256x256.mtx,4096,97194,256x256,0,16,4,10,True,632,127524,64262.5,10990;10738;10278;10103,135;135;135;135,845;1335;1017;593,233.7;358.3;254.5;231.9,43;43;43;43,91;91;91;91,43.2;43.2;43.2;43.2,0;0;0;0,1336;1952;53;0,0;0;0;0,0;0;0;0,0.0;0.0;0.0;0.0,3342,48597,undirected_dedup,875000000.0,169211,0.25129793571339926
2026-07-29T07:22:35.578449+00:00,rmat_s12_e16.balanced512x512.mtx,4096,97194,512x512,0,16,4,10,True,617,159923,80610.0,17736;16620;16388;16383,135;135;135;135,590;834;728;410,165.3;197.2;170.5;164.8,43;43;43;43,91;91;91;91,43.1;43.1;43.1;43.1,0;0;0;0,1336;1952;53;0,0;0;0;0,0;0;0;0,0.0;0.0;0.0;0.0,3342,48597,undirected_dedup,875000000.0,222618,0.19101049780341212
2026-07-29T07:31:23.815401+00:00,rmat_s12_e16.balanced750x750.mtx,4500,97194,750x750,0,16,4,10,True,614,199254,100396.3,24073;22375;22200;22199,136;136;136;136,497;740;660;397,152.1;166.2;154.4;151.9,42;42;42;42,91;91;91;91,42.1;42.1;42.1;42.1,0;0;0;0,1336;1952;53;0,0;0;0;0,0;0;0;0,0.0;0.0;0.0;0.0,3342,48597,undirected_dedup,875000000.0,282749,0.15038912604465446
2026-07-29T07:34:42.738209+00:00,rmat_s13_e16.balanced8x8.mtx,8192,204150,8x8,0,8,4,10,True,1784,167533,85083.8,58581;267630;91619;36017,25101;219544;64180;25208,51592;261676;85631;30010,29901.7;242468.8;76099.8;27295.7,42;42;42;42,2523;2523;2523;2523,352.1;352.1;352.1;352.1,0;0;0;0,2196;4152;107;0,0;0;0;0,0;0;0;0,0.0;0.0;0.0;0.0,6456,102074,undirected_dedup,875000000.0,711691,0.12549652869011974
2026-07-29T07:36:47.532968+00:00,rmat_s13_e16.balanced16x16.mtx,8192,204150,16x16,0,16,4,10,True,1211,180577,91125.4,28066;83615;32498;17172,8948;56218;17578;8948,23073;79171;28174;12609,11253.2;66183.1;23455.2;10595.2,42;42;42;42,994;994;994;994,101.5;101.5;101.5;101.5,0;0;0;0,2196;4152;107;0,0;0;0;0,0;0;0;0,0.0;0.0;0.0;0.0,6456,102074,undirected_dedup,875000000.0,384932,0.2320273450895223
2026-07-29T07:38:52.130712+00:00,rmat_s13_e16.balanced32x32.mtx,8192,204150,32x32,0,16,4,10,True,926,188733,94939.2,14743;28568;14153;9908,3048;10048;4307;3048,10632;24481;10402;5820,4117.1;18365.2;7299.9;3950.9,42;42;42;42,365;365;365;365,52.1;52.1;52.1;52.1,0;0;0;0,2196;4152;107;0,0;0;0;0,0;0;0;0,0.0;0.0;0.0;0.0,6456,102074,undirected_dedup,875000000.0,282421,0.3162468442502505
2026-07-29T07:40:56.667473+00:00,rmat_s13_e16.balanced64x64.mtx,8192,204150,64x64,0,16,4,10,True,781,196325,98624.8,9710;13523;9475;7473,716;1217;814;643,4955;8853;5036;2842,1561.7;5223.3;2370.8;1520.3,43;43;43;43,206;206;206;206,45.5;45.5;45.5;45.5,0;0;0;0,2196;4152;107;0,0;0;0;0,0;0;0;0,0.0;0.0;0.0;0.0,6456,102074,undirected_dedup,875000000.0,251127,0.35565570408598035
2026-07-29T07:43:01.359665+00:00,rmat_s13_e16.balanced128x128.mtx,8192,204150,128x128,0,16,4,10,True,707,206785,103815.1,8621;10192;8659;7863,135;135;135;135,2090;3983;2447;1548,652.2;1595.6;858.1;642.0,41;41;41;41,126;126;126;126,41.7;41.7;41.7;41.7,0;0;0;0,2196;4152;107;0,0;0;0;0,0;0;0;0,0.0;0.0;0.0;0.0,6456,102074,undirected_dedup,875000000.0,249700,0.3576882258710452
2026-07-29T07:46:06.484376+00:00,rmat_s13_e16.balanced256x256.mtx,8192,204150,256x256,0,16,4,10,True,672,222890,111944.6,11253;11492;10766;10351,135;135;135;135,1185;2003;1545;907,309.1;560.2;361.2;306.4,43;43;43;43,91;91;91;91,43.2;43.2;43.2;43.2,0;0;0;0,2196;4152;107;0,0;0;0;0,0;0;0;0,0.0;0.0;0.0;0.0,6456,102074,undirected_dedup,875000000.0,268172,0.333050243873335
2026-07-29T07:51:43.216218+00:00,rmat_s13_e16.balanced512x512.mtx,8192,204150,512x512,0,16,4,10,True,632,255462,128375.9,17990;17002;16744;16472,135;135;135;135,758;1166;1060;530,191.9;256.8;204.9;191.2,42;42;42;42,91;91;91;91,42.1;42.1;42.1;42.1,0;0;0;0,2196;4152;107;0,0;0;0;0,0;0;0;0,0.0;0.0;0.0;0.0,6456,102074,undirected_dedup,875000000.0,320510,0.27866447224735574
2026-07-29T08:00:21.801275+00:00,rmat_s13_e16.balanced750x750.mtx,8250,204150,750x750,0,16,4,10,True,637,286568,144068.4,24199;22680;22338;22306,135;135;135;135,689;1014;852;519,176.0;204.7;181.7;175.7,43;43;43;43,92;92;92;92,43.1;43.1;43.1;43.1,0;0;0;0,2196;4152;107;0,0;0;0;0,0;0;0;0,0.0;0.0;0.0;0.0,6456,102074,undirected_dedup,875000000.0,371314,0.24053698486994834
2026-07-29T08:11:48.340138+00:00,rmat_s14_e16.balanced16x16.mtx,16384,425218,16x16,0,16,5,10,True,1787,358414,180601.0,46936;153715;64504;28808;28808,17701;109975;38647;17701;17701,39894;147657;58222;22594;22594,20873.1;130151.2;48052.2;19865.9;19741.2,41;41;41;41;41,2523;2523;2523;2523;2523,196.1;196.1;196.1;196.1;196.1,0;0;0;0;0,3582;8663;278;2;0,0;0;0;0;0,0;0;0;0;0,0.0;0.0;0.0;0.0;0.0,12526,212604,undirected_dedup,875000000.0,770078,0.24157098371853242
2026-07-29T08:13:54.836450+00:00,rmat_s14_e16.balanced32x32.mtx,16384,425218,32x32,0,16,5,10,True,1212,372616,187169.5,22096;48313;24616;14530;14530,5791;23150;10582;5705;5705,16921;43473;20002;9764;9764,7628.8;36273.8;14831.3;7373.9;7342.4,41;41;41;41;41,994;994;994;994;994,70.8;70.8;70.8;70.8;70.8,0;0;0;0;0,3582;8663;278;2;0,0;0;0;0;0,0;0;0;0;0,0.0;0.0;0.0;0.0;0.0,12526,212604,undirected_dedup,875000000.0,543387,0.342349927399809
2026-07-29T08:16:01.294889+00:00,rmat_s14_e16.balanced64x64.mtx,16384,425218,64x64,0,16,5,10,True,929,383023,192118.9,12944;19566;12511;9066;9066,1593;3274;2258;1593;1593,7783;15049;7577;4345;4345,2725.6;10037.7;4558.6;2662.8;2655.0,43;43;43;43;43,368;368;368;368;368,48.1;48.1;48.1;48.1;48.1,0;0;0;0;0,3582;8663;278;2;0,0;0;0;0;0,0;0;0;0;0,0.0;0.0;0.0;0.0;0.0,12526,212604,undirected_dedup,875000000.0,474022,0.392446975034914
2026-07-29T08:19:57.964609+00:00,rmat_s14_e16.balanced128x128.mtx,16384,425218,128x128,0,16,5,10,True,784,395056,198024.0,10329;12917;9844;8741;8740,289;228;228;228;228,3361;6370;3581;2329;2329,1032.6;2960.4;1504.7;1016.5;1014.6,42;42;42;42;42,203;203;203;203;203,43.3;43.3;43.3;43.3;43.3,0;0;0;0;0,3582;8663;278;2;0,0;0;0;0;0,0;0;0;0;0,0.0;0.0;0.0;0.0;0.0,12526,212604,undirected_dedup,875000000.0,458385,0.4058346150070356
2026-07-29T08:23:04.842881+00:00,rmat_s14_e16.balanced256x256.mtx,16384,425218,256x256,0,16,5,10,True,705,414636,207812.8,11684;12383;10930;10725;10725,135;135;135;135;135,1592;2862;2103;1179;1179,457.3;958.7;576.3;453.2;452.7,41;41;41;41;41,127;127;127;127;127,41.3;41.3;41.3;41.3;41.3,0;0;0;0;0,3582;8663;278;2;0,0;0;0;0;0,0;0;0;0;0,0.0;0.0;0.0;0.0;0.0,12526,212604,undirected_dedup,875000000.0,475313,0.39138104785688593
2026-07-29T08:28:43.091335+00:00,rmat_s14_e16.balanced512x512.mtx,16384,425218,512x512,0,16,5,10,True,672,446078,223687.1,18189;17455;16607;16608;16607,135;135;135;135;135,1015;1669;1379;727;715,240.6;371.9;270.7;239.6;239.4,43;43;43;43;43,91;91;91;91;91,43.1;43.1;43.1;43.1;43.1,0;0;0;0;0,3582;8663;278;2;0,0;0;0;0;0,0;0;0;0;0,0.0;0.0;0.0;0.0;0.0,12526,212604,undirected_dedup,875000000.0,528045,0.35229667926029035
2026-07-29T08:37:13.981976+00:00,rmat_s14_e16.balanced750x750.mtx,16500,425218,750x750,0,16,5,10,True,670,480177,240869.9,24425;22974;22492;22378;22380,135;135;135;135;135,849;1344;1082;677;651,211.7;269.8;224.8;211.2;211.2,42;42;42;42;42,91;91;91;91;91,42.1;42.1;42.1;42.1;42.1,0;0;0;0;0,3582;8663;278;2;0,0;0;0;0;0,0;0;0;0;0,0.0;0.0;0.0;0.0;0.0,12526,212604,undirected_dedup,875000000.0,586736,0.3170565637697363
2026-07-29T08:42:55.177852+00:00,rmat_s15_e16.balanced32x32.mtx,32768,882046,32x32,0,16,5,10,True,1787,740197,371535.8,37585;93696;44170;23409;23409,11778;57978;23463;11778;11778,30304;87431;37612;16862;16862,14174.0;71270.4;30547.8;13786.1;13708.2,42;42;42;42;42,2523;2523;2523;2523;2523,119.5;119.5;119.5;119.5;119.5,0;0;0;0;0,5886;17568;699;4;0,0;0;0;0;0,0;0;0;0;0,0.0;0.0;0.0;0.0;0.0,24158,441016,undirected_dedup,875000000.0,1032659,0.3736848272275746
2026-07-29T08:45:05.224752+00:00,rmat_s15_e16.balanced64x64.mtx,32768,882046,64x64,0,16,5,10,True,1211,756669,379233.5,19410;33099;19514;13013;12906,3532;10047;5367;3532;3532,13255;27386;13771;7257;7150,4998.7;19809.7;9239.2;4900.9;4881.3,41;41;41;41;41,994;994;994;994;994,55.9;55.9;55.9;55.9;55.9,0;0;0;0;0,5886;17568;699;4;0,0;0;0;0;0,0;0;0;0;0,0.0;0.0;0.0;0.0;0.0,24158,441016,undirected_dedup,875000000.0,893230,0.4320152704230713
2026-07-29T08:47:55.505831+00:00,rmat_s15_e16.balanced128x128.mtx,32768,882046,128x128,0,16,5,10,True,929,771543,386415.7,12626;17404;11915;10135;10123,773;555;768;457;457,5851;11048;5562;3689;3689,1771.2;5595.2;2850.6;1746.9;1742.1,43;43;43;43;43,368;368;368;368;368,45.5;45.5;45.5;45.5;45.5,0;0;0;0;0,5886;17568;699;4;0,0;0;0;0;0,0;0;0;0;0,0.0;0.0;0.0;0.0;0.0,24158,441016,undirected_dedup,875000000.0,863850,0.4467083405683857
2026-07-29T08:51:06.186395+00:00,rmat_s15_e16.balanced256x256.mtx,32768,882046,256x256,0,16,5,10,True,782,792922,397030.5,12964;14107;12260;11342;11342,135;135;135;135;135,2466;4588;2851;1718;1718,686.2;1690.5;961.8;680.0;678.7,42;42;42;42;42,202;202;202;202;202,42.6;42.6;42.6;42.6;42.6,0;0;0;0;0,5886;17568;699;4;0,0;0;0;0;0,0;0;0;0;0,0.0;0.0;0.0;0.0;0.0,24158,441016,undirected_dedup,875000000.0,862140,0.4475943582248823
2026-07-29T08:56:58.174815+00:00,rmat_s15_e16.balanced512x512.mtx,32768,882046,512x512,0,16,5,10,True,705,830332,415809.2,18480;18167;17251;16899;16899,135;135;135;135;135,1347;2367;1785;999;999,330.2;591.2;399.6;328.6;328.3,42;42;42;42;42,127;127;127;127;127,42.2;42.2;42.2;42.2;42.2,0;0;0;0;0,5886;17568;699;4;0,0;0;0;0;0,0;0;0;0;0,0.0;0.0;0.0;0.0;0.0,24158,441016,undirected_dedup,875000000.0,916886,0.42086911568068447
2026-07-29T09:06:32.231878+00:00,rmat_s15_e16.balanced750x750.mtx,33000,882046,750x750,0,16,5,10,True,692,864782,433166.0,24637;23513;22832;22583;22584,135;135;135;135;135,1098;1843;1543;813;813,266.1;386.7;297.8;265.4;265.3,41;41;41;41;41,126;126;126;126;126,41.1;41.1;41.1;41.1;41.1,0;0;0;0;0,5886;17568;699;4;0,0;0;0;0;0,0;0;0;0;0,0.0;0.0;0.0;0.0;0.0,24158,441016,undirected_dedup,875000000.0,974696,0.39590703152572704
2026-07-29T09:11:57.630752+00:00,rmat_s16_e16.balanced64x64.mtx,65536,1819076,64x64,0,16,5,10,True,1786,1503704,753337.3,30868;56398;32894;20099;20001,7071;23261;12895;6925;6925,22899;49400;25729;12717;12619,9294.9;38825.7;18742.0;9147.3;9102.9,42;42;42;42;42,2523;2523;2523;2523;2523,80.8;80.8;80.8;80.8;80.8,0;0;0;0;0,9699;35412;1575;7;0,0;0;0;0;0,0;0;0;0;0,0.0;0.0;0.0;0.0;0.0,46694,909527,undirected_dedup,875000000.0,1730894,0.45978328251181183
2026-07-29T09:14:54.959161+00:00,rmat_s16_e16.balanced128x128.mtx,65536,1819076,128x128,0,16,5,10,True,1211,1524773,763324.7,17890;26624;16262;13287;13287,1956;2198;2245;1296;1296,10675;20066;9737;6319;6319,3210.4;10914.2;5646.8;3173.0;3161.9,41;41;41;41;41,994;994;994;994;994,48.4;48.4;48.4;48.4;48.4,0;0;0;0;0,9699;35412;1575;7;0,0;0;0;0;0,0;0;0;0;0,0.0;0.0;0.0;0.0;0.0,46694,909527,undirected_dedup,875000000.0,1656132,0.4805390663304616
2026-07-29T09:18:02.314340+00:00,rmat_s16_e16.balanced256x256.mtx,65536,1819076,256x256,0,16,5,10,True,929,1548611,775024.2,14632;17228;13859;12481;12481,290;230;230;230;230,4190;7968;4663;2819;2819,1132.8;3115.0;1746.4;1123.5;1120.7,43;43;43;43;43,368;368;368;368;368,44.3;44.3;44.3;44.3;44.3,0;0;0;0;0,9699;35412;1575;7;0,0;0;0;0;0,0;0;0;0;0,0.0;0.0;0.0;0.0;0.0,46694,909527,undirected_dedup,875000000.0,1655631,0.4806844792106454
2026-07-29T09:24:01.318368+00:00,rmat_s16_e16.balanced512x512.mtx,65536,1819076,512x512,0,16,5,10,True,782,1588398,794916.0,19360;19375;17956;17356;17356,135;135;135;135;135,1931;3485;2477;1363;1363,467.4;987.4;623.6;465.0;464.3,42;42;42;42;42,202;202;202;202;202,42.3;42.3;42.3;42.3;42.3,0;0;0;0;0,9699;35412;1575;7;0,0;0;0;0;0,0;0;0;0;0,0.0;0.0;0.0;0.0;0.0,46694,909527,undirected_dedup,875000000.0,1680704,0.47351355443909215
2026-07-29T09:33:33.015177+00:00,rmat_s16_e16.balanced750x750.mtx,66000,1819076,750x750,0,16,5,10,True,732,1634367,817981.5,25183;24190;23356;22874;22875,135;135;135;135;135,1423;2486;2055;1073;1073,357.4;592.7;426.5;356.3;356.0,42;42;42;42;42,163;163;163;163;163,42.2;42.2;42.2;42.2;42.2,0;0;0;0;0,9699;35412;1575;7;0,0;0;0;0;0,0;0;0;0;0,0.0;0.0;0.0;0.0;0.0,46694,909527,undirected_dedup,875000000.0,1748425,0.45517315584025625
2026-07-29T09:41:14.020465+00:00,rmat_s17_e16.balanced128x128.mtx,131072,3728080,128x128,0,16,5,10,True,1787,3030787,1516923.5,27105;42452;25173;18922;18824,4089;7766;6192;3685;3685,17131;33669;17195;10054;9956,5895.4;20970.7;11192.3;5842.6;5817.4,41;41;41;41;41,2523;2523;2523;2523;2523,60.4;60.4;60.4;60.4;60.4,0;0;0;0;0,15768;70906;3575;22;0,0;0;0;0;0,0;0;0;0;0,0.0;0.0;0.0;0.0;0.0,90272,1864011,undirected_dedup,875000000.0,3222680,0.5061034992614842
2026-07-29T09:44:36.901084+00:00,rmat_s17_e16.balanced256x256.mtx,131072,3728080,256x256,0,16,5,10,True,1209,3061008,1531517.5,18679;24238;17180;15020;15020,783;282;294;282;282,7263;13825;7131;4607;4607,2013.3;5992.7;3383.5;1999.8;1993.4,41;41;41;41;41,994;994;994;994;994,44.7;44.7;44.7;44.7;44.7,0;0;0;0;0,15768;70906;3575;22;0,0;0;0;0;0,0;0;0;0;0,0.0;0.0;0.0;0.0;0.0,90272,1864011,undirected_dedup,875000000.0,3198855,0.5098729467262505
2026-07-29T09:51:01.563186+00:00,rmat_s17_e16.balanced512x512.mtx,131072,3728080,512x512,0,16,5,10,True,923,3102229,1551981.6,20637;21462;19027;18178;18177,137;137;137;137;137,2889;5413;3629;2022;2022,730.8;1752.4;1073.3;727.5;725.9,42;42;42;42;42,363;363;363;363;363,42.6;42.6;42.6;42.6;42.6,0;0;0;0;0,15768;70906;3575;22;0,0;0;0;0;0,0;0;0;0;0,0.0;0.0;0.0;0.0;0.0,90272,1864011,undirected_dedup,875000000.0,3246615,0.5023723555148978
2026-07-29T10:00:38.457283+00:00,rmat_s17_e16.balanced750x750.mtx,131250,3728080,750x750,0,16,5,10,True,842,3140266,1571034.4,26036;25626;24167;23540;23540,137;137;137;137;137,2035;3784;3030;1601;1601,516.1;973.5;667.5;514.6;513.9,41;41;41;41;41,287;287;287;287;287,41.3;41.3;41.3;41.3;41.3,0;0;0;0;0,15768;70906;3575;22;0,0;0;0;0;0,0;0;0;0;0,0.0;0.0;0.0;0.0;0.0,90272,1864011,undirected_dedup,875000000.0,3262814,0.49987821095532875
2026-07-29T10:11:16.399860+00:00,rmat_s18_e16.balanced128x128.mtx,262144,7610770,128x128,0,16,5,10,True,2938,6042994,3024206.3,41650;69123;42751;26946;26900,7714;20842;14116;7421;7323,28511;57954;31948;16352;16146,11014.6;40667.0;22779.3;10945.9;10889.8,42;42;42;42;42,4987;4987;4987;4987;4987,80.6;80.6;80.6;80.6;80.6,0;0;0;0;0,25231;140585;7927;21;0,0;0;0;0;0,0;0;0;0;0,0.0;0.0;0.0;0.0;0.0,173765,3805344,undirected_dedup,875000000.0,6344475,0.5248150556192593
2026-07-29T10:15:41.045918+00:00,rmat_s18_e16.balanced256x256.mtx,262144,7610770,256x256,0,16,5,10,True,1786,6084789,3044003.3,24398;33919;23501;19026;19026,1888;1238;2243;1022;1022,11957;22735;11934;7842;7842,3665.0;11421.3;6696.2;3647.6;3633.6,42;42;42;42;42,2523;2523;2523;2523;2523,51.7;51.7;51.7;51.7;51.7,0;0;0;0;0,25231;140585;7927;21;0,0;0;0;0;0,0;0;0;0;0,0.0;0.0;0.0;0.0;0.0,173765,3805344,undirected_dedup,875000000.0,6267648,0.5312480854062003
2026-07-29T10:22:28.419137+00:00,rmat_s18_e16.balanced512x512.mtx,262144,7610770,512x512,0,16,5,10,True,1211,6133985,3068156.5,23127;25512;22152;19932;19932,141;141;141;141;141,4596;8812;5629;3126;3126,1246.2;3293.8;2026.6;1241.7;1238.2,42;42;42;42;42,994;994;994;994;994,43.9;43.9;43.9;43.9;43.9,0;0;0;0;0,25231;140585;7927;21;0,0;0;0;0;0,0;0;0;0;0,0.0;0.0;0.0;0.0;0.0,173765,3805344,undirected_dedup,875000000.0,6298704,0.5286287464849913
2026-07-29T10:42:00.491889+00:00,rmat_s19_e16.balanced256x256.mtx,524288,15482940,256x256,0,16,6,10,True,2937,12133081,6069328.2,36780;52134;34574;26178;26080;26080,4538;4977;7722;3426;3426;3426,20734;38209;20278;12014;11932;11932,6785.8;21789.9;13350.9;6768.9;6736.0;6735.8,41;41;41;41;41;41,4987;4987;4987;4987;4987;4987,60.3;60.3;60.3;60.3;60.3;60.3,0;0;0;0;0;0,40333;276669;18104;69;1;0,0;0;0;0;0;0,0;0;0;0;0;0,0.0;0.0;0.0;0.0;0.0;0.0,335177,7741360,undirected_dedup,875000000.0,12429328,0.5449763655766426
2026-07-29T10:50:13.807028+00:00,rmat_s19_e16.balanced512x512.mtx,524288,15482940,512x512,0,16,6,10,True,1786,12192911,6098213.3,28791;34125;26086;23888;23791;23791,583;351;447;339;339;339,8247;15828;10234;5570;5472;5472,2220.7;6147.0;3902.3;2216.4;2208.2;2208.2,42;42;42;42;42;42,2523;2523;2523;2523;2523;2523,46.8;46.8;46.8;46.8;46.8;46.8,0;0;0;0;0;0,40333;276669;18104;69;1;0,0;0;0;0;0;0,0;0;0;0;0;0,0.0;0.0;0.0;0.0;0.0;0.0,335177,7741360,undirected_dedup,875000000.0,12436668,0.5446547258477913
2026-07-29T11:02:50.043851+00:00,rmat_s19_e16.balanced750x750.mtx,525000,15482940,750x750,0,16,6,10,True,1430,12248453,6125735.8,30618;32359;28142;26947;26947;26947,146;146;146;146;146;146,4601;9000;6459;3497;3497;3497,1307.5;3051.6;2046.1;1305.6;1302.0;1301.9,41;41;41;41;41;41,1753;1753;1753;1753;1753;1753,43.3;43.3;43.3;43.3;43.3;43.3,0;0;0;0;0;0,40333;276669;18104;69;1;0,0;0;0;0;0;0,0;0;0;0;0;0,0.0;0.0;0.0;0.0;0.0;0.0,335177,7741360,undirected_dedup,875000000.0,12506498,0.5416136475614517
2026-07-29T11:42:05.576073+00:00,rmat_s20_e16.balanced512x512.mtx,1048576,31403422,512x512,0,16,6,10,True,2937,24313250,12159566.8,36578;44996;34571;29416;29416;29416,1898;358;564;358;358;358,12578;24302;14236;8411;8411;8411,4098.9;11712.6;7706.6;4097.0;4078.9;4078.9,41;41;41;41;41;41,4987;4987;4987;4987;4987;4987,50.7;50.7;50.7;50.7;50.7;50.7,0;0;0;0;0;0,64701;541400;39364;175;1;0,0;0;0;0;0;0,0;0;0;0;0;0,0.0;0.0;0.0;0.0;0.0;0.0,645642,15701510,undirected_dedup,875000000.0,24624270,0.5579382150211966
2026-07-29T13:03:05.412293+00:00,rmat_s18_e16.balanced750x750.mtx,262500,7610770,750x750,0,16,5,10,True,1026,6179661,3090930.9,27655;28111;25772;24640;24641,140;140;140;140;140,3072;5844;4098;2277;2277,776.4;1690.7;1120.0;774.4;772.8,42;42;42;42;42,689;689;689;689;689,42.9;42.9;42.9;42.9;42.9,0;0;0;0;0,25231;140585;7927;21;0,0;0;0;0;0,0;0;0;0;0,0.0;0.0;0.0;0.0;0.0,173765,3805344,undirected_dedup,875000000.0,6374188,0.5223686530739288
2026-07-29T13:23:04.140743+00:00,rmat_s20_e16.balanced750x750.mtx,1049250,31403422,750x750,0,16,6,10,True,2211,24375468,12190056.4,35563;39557;33617;30705;30704;30707,156;156;156;156;156;156,7348;14736;9397;5494;5494;5494,2300.8;5691.3;3891.4;2299.9;2292.0;2292.0,42;42;42;42;42;42,3447;3447;3447;3447;3447;3447,46.5;46.5;46.5;46.5;46.5;46.5,0;0;0;0;0;0,64701;541400;39364;175;1;0,0;0;0;0;0;0,0;0;0;0;0;0,0.0;0.0;0.0;0.0;0.0;0.0,645642,15701510,undirected_dedup,875000000.0,24679821,0.5566823701841274
2026-07-29T15:35:44.446254+00:00,snap_pokec.balanced750x750.mtx,1633500,30622564,750x750,0,16,11,10,False,3093,37890388,18948423.0,35781;33000;34304;37653;32814;32341;31856;31937;31937;31939,174;174;174;174;174;174;174;174;174;174,5517;5929;8717;11696;7730;7591;7556;5517;5517;5517,3207.2;3262.1;4711.2;6249.9;3715.0;3240.3;3208.8;3206.6;3206.3;3206.3,41;41;41;41;41;41;41;41;41;41,5372;5372;5372;5372;5372;5372;5372;5372;5372;5372,48.1;48.1;48.1;48.1;48.1;48.1;48.1;48.1;48.1;48.1,0;0;0;0;0;0;0;0;0;0,6785;187346;782110;446013;74036;7189;754;53;7;1,0;0;0;0;0;0;0;0;0;0,0;0;0;0;0;0;0;0;0;0,0.0;0.0;0.0;0.0;0.0;0.0;0.0;0.0;0.0;0.0,1504295,30159128,directed_source_visited,875000000.0,38256449,0.689798391899886
