timestamp,infile_mtx,n,nnz,pe_grid,source,channels,rounds_completed,max_rounds,matrix_symmetric,parent_resolve_min_cycles,parent_resolve_max_cycles,parent_resolve_avg_cycles,h2d_matrix_span_cycles,h2d_seed_span_cycles,d2h_span_cycles,round_duration_cycles,local_compute_min_cycles,local_compute_max_cycles,local_compute_avg_cycles,local_term_cond_min_cycles,local_term_cond_max_cycles,local_term_cond_avg_cycles,direction_history,nf_history,transpose_min_cycles,transpose_max_cycles,transpose_avg_cycles,search_time_cycles,visited_count,m_edges_traversed,m_convention,clock_freq_hz,search_time_seconds,gteps,search_time_cycles_no_transfer,gteps_no_transfer
2026-08-02T14:38:43.686940+00:00,rmat_s17_e16.balanced750x750.mtx,131250,3728080,750x750,0,8,5,10,True,4251,445534,173864.4,17694560934,1061881,3813371,25866;25502;24033;23351;23351,71;71;71;71;71,2018;3752;2984;1499;1499,444.1;914.1;599.9;442.6;441.9,43;43;43;43;43,282;282;282;282;282,43.3;43.3;43.3;43.3;43.3,0;0;0;0;0,15768;70906;3575;22;0,0;0;0;0;0,0;0;0;0;0,0.0;0.0;0.0;0.0;0.0,5443225,90272,1864011,undirected_dedup,875000000.0,0.006220828571428571,0.2996403097428455,567973,2.8716323223110956
2026-08-02T15:26:21.307133+00:00,rmat_s19_e16.balanced750x750.mtx,525000,15482940,750x750,0,8,6,10,True,14106,1013015,342748.4,43644677858,949152,9738579,30414;32239;27966;26720;26720;26722,80;80;80;80;80;80,4557;9045;6457;3440;3440;3440,1242.4;3014.5;1997.9;1240.5;1236.9;1236.9,42;42;42;42;42;42,1753;1753;1753;1753;1753;1753,44.3;44.3;44.3;44.3;44.3;44.3,0;0;0;0;0;0,40333;276669;18104;69;1;0,0;0;0;0;0;0,0;0;0;0;0;0,0.0;0.0;0.0;0.0;0.0;0.0,11871945,335177,7741360,undirected_dedup,875000000.0,0.013567937142857143,0.5705627847837907,1184214,5.719988110257099
2026-08-02T15:44:58.525667+00:00,rmat_s19_e16.balanced750x750.mtx,525000,15482940,750x750,0,8,6,10,True,1392,6136286,3060275.1,48706981545,946850,9201068,30398;32247;28029;26809;26809;26809,80;80;80;80;80;80,4500;8954;6399;3424;3424;3424,1238.9;2982.6;1980.7;1237.0;1233.4;1233.4,43;43;43;43;43;43,1753;1753;1753;1753;1753;1753,45.3;45.3;45.3;45.3;45.3;45.3,0;0;0;0;0;0,40333;276669;18104;69;1;0,0;0;0;0;0;0,0;0;0;0;0;0,0.0;0.0;0.0;0.0;0.0;0.0,16455718,335177,7741360,undirected_dedup,875000000.0,0.018806534857142856,0.41163138551596473,6307800,1.0738593487428263
2026-08-08T15:19:27.556128+00:00,rmat_s19_e16.balanced512x512.mtx,524288,15482940,512x512,0,16,6,10,True,1758,6113557,3044718.6,2421566689,945143,11031205,28683;33947;25918;23703;23605;23605,517;285;380;273;273;273,8231;15773;10186;5504;5406;5406,2154.8;6095.7;3840.5;2150.5;2142.2;2142.2,42;42;42;42;42;42,2523;2523;2523;2523;2523;2523,46.8;46.8;46.8;46.8;46.8;46.8,0;0;0;0;0;0,40333;276669;18104;69;1;0,0;0;0;0;0;0,0;0;0;0;0;0,0.0;0.0;0.0;0.0;0.0;0.0,18249784,335177,7741360,undirected_dedup,875000000.0,0.020856896,0.3711654888627723,6273436,1.0797416280328673
2026-08-08T15:25:43.173135+00:00,rmat_s19_e16.balanced512x512.mtx,524288,15482940,512x512,0,16,6,10,True,1758,6113557,3044718.5,2253535613,834453,9684625,28683;33947;25918;23703;23605;23605,517;285;380;273;273;273,8231;15773;10186;5504;5406;5406,2154.8;6095.7;3840.5;2150.5;2142.2;2142.2,42;42;42;42;42;42,2523;2523;2523;2523;2523;2523,46.8;46.8;46.8;46.8;46.8;46.8,0;0;0;0;0;0,40333;276669;18104;69;1;0,0;0;0;0;0;0,0;0;0;0;0;0,0.0;0.0;0.0;0.0;0.0;0.0,16792514,335177,7741360,undirected_dedup,875000000.0,0.019191444571428573,0.40337557556897075,6273436,1.0797416280328673
2026-08-08T15:29:56.208950+00:00,rmat_s19_e16.balanced512x512.mtx,524288,15482940,512x512,0,16,6,10,True,1758,6113557,3044718.6,2166729905,808885,9443270,28683;33947;25918;23703;23605;23605,517;285;380;273;273;273,8231;15773;10186;5504;5406;5406,2154.8;6095.7;3840.5;2150.5;2142.2;2142.2,42;42;42;42;42;42,2523;2523;2523;2523;2523;2523,46.8;46.8;46.8;46.8;46.8;46.8,0;0;0;0;0;0,40333;276669;18104;69;1;0,0;0;0;0;0;0,0;0;0;0;0;0,0.0;0.0;0.0;0.0;0.0;0.0,16525591,335177,7741360,undirected_dedup,875000000.0,0.018886389714285714,0.40989093824239026,6273436,1.0797416280328673
2026-08-08T15:34:51.153180+00:00,rmat_s19_e16.balanced512x512.mtx,524288,15482940,512x512,0,16,6,10,True,1758,6113557,3044718.6,1976169770,946858,11976481,28683;33947;25918;23703;23605;23605,517;285;380;273;273;273,8231;15773;10186;5504;5406;5406,2154.8;6095.7;3840.5;2150.5;2142.2;2142.2,42;42;42;42;42;42,2523;2523;2523;2523;2523;2523,46.8;46.8;46.8;46.8;46.8;46.8,0;0;0;0;0;0,40333;276669;18104;69;1;0,0;0;0;0;0;0,0;0;0;0;0;0,0.0;0.0;0.0;0.0;0.0;0.0,19196775,335177,7741360,undirected_dedup,875000000.0,0.02193917142857143,0.35285562288457306,6273436,1.0797416280328673
2026-08-08T15:38:43.807434+00:00,rmat_s19_e16.balanced512x512.mtx,524288,15482940,512x512,0,16,6,10,True,1758,6113557,3044718.6,1914412629,832622,11713963,28683;33947;25918;23703;23605;23605,517;285;380;273;273;273,8231;15773;10186;5504;5406;5406,2154.8;6095.7;3840.5;2150.5;2142.2;2142.2,42;42;42;42;42;42,2523;2523;2523;2523;2523;2523,46.8;46.8;46.8;46.8;46.8;46.8,0;0;0;0;0;0,40333;276669;18104;69;1;0,0;0;0;0;0;0,0;0;0;0;0;0,0.0;0.0;0.0;0.0;0.0;0.0,18820021,335177,7741360,undirected_dedup,875000000.0,0.02150859542857143,0.3599193645958205,6273436,1.0797416280328673
2026-08-08T15:55:46.130378+00:00,rmat_s17_e16.balanced750x750.mtx,131250,3728080,750x750,0,16,5,10,True,804,1573856,785120.0,908045053,952465,3092910,25799;25421;23973;23325;23325,71;71;71;71;71,1982;3701;2956;1507;1507,443.2;902.5;595.2;441.7;441.0,43;43;43;43;43,285;285;285;285;285,43.3;43.3;43.3;43.3;43.3,0;0;0;0;0,15768;70906;3575;22;0,0;0;0;0;0,0;0;0;0;0,0.0;0.0;0.0;0.0;0.0,5741406,90272,1864011,undirected_dedup,875000000.0,0.006561606857142857,0.28407843392367654,1696031,0.9616626258600227
2026-08-08T15:59:33.683565+00:00,rmat_s17_e16.balanced750x750.mtx,131250,3728080,750x750,0,16,5,10,True,804,1573857,785120.0,878165443,1064129,3200274,25799;25421;23973;23325;23325,71;71;71;71;71,1982;3701;2956;1507;1507,443.2;902.5;595.2;441.7;441.0,43;43;43;43;43,285;285;285;285;285,43.3;43.3;43.3;43.3;43.3,0;0;0;0;0,15768;70906;3575;22;0,0;0;0;0;0,0;0;0;0;0,0.0;0.0;0.0;0.0;0.0,5960435,90272,1864011,undirected_dedup,875000000.0,0.006811925714285715,0.2736393610533459,1696032,0.9616620588526632
2026-08-08T16:03:36.019685+00:00,rmat_s17_e16.balanced750x750.mtx,131250,3728080,750x750,0,16,5,10,True,804,1573857,785119.9,924991537,1179612,3431867,25799;25421;23973;23325;23325,71;71;71;71;71,1982;3701;2956;1507;1507,443.2;902.5;595.2;441.7;441.0,43;43;43;43;43,285;285;285;285;285,43.3;43.3;43.3;43.3;43.3,0;0;0;0;0,15768;70906;3575;22;0,0;0;0;0;0,0;0;0;0;0,0.0;0.0;0.0;0.0;0.0,6307511,90272,1864011,undirected_dedup,875000000.0,0.007208584,0.2585821293058387,1696032,0.9616620588526632
2026-08-08T16:07:28.551652+00:00,rmat_s17_e16.balanced750x750.mtx,131250,3728080,750x750,0,16,5,10,True,804,1573857,785120.0,926484283,948485,3441451,25799;25421;23973;23325;23325,71;71;71;71;71,1982;3701;2956;1507;1507,443.2;902.5;595.2;441.7;441.0,43;43;43;43;43,285;285;285;285;285,43.3;43.3;43.3;43.3;43.3,0;0;0;0;0,15768;70906;3575;22;0,0;0;0;0;0,0;0;0;0;0,0.0;0.0;0.0;0.0;0.0,6085968,90272,1864011,undirected_dedup,875000000.0,0.006955392,0.26799510365483353,1696032,0.9616620588526632
2026-08-08T16:11:28.392531+00:00,rmat_s17_e16.balanced750x750.mtx,131250,3728080,750x750,0,16,5,10,True,804,1573857,785120.0,938554897,948492,3090482,25799;25421;23973;23325;23325,71;71;71;71;71,1982;3701;2956;1507;1507,443.2;902.5;595.2;441.7;441.0,43;43;43;43;43,285;285;285;285;285,43.3;43.3;43.3;43.3;43.3,0;0;0;0;0,15768;70906;3575;22;0,0;0;0;0;0,0;0;0;0;0,0.0;0.0;0.0;0.0;0.0,5735006,90272,1864011,undirected_dedup,875000000.0,0.006554292571428572,0.2843954522453856,1696032,0.9616620588526632
