timestamp,infile_mtx,n,nnz,pe_grid,source,channels,rounds_completed,max_rounds,matrix_symmetric,h2d_matrix_min_cycles,h2d_matrix_max_cycles,h2d_matrix_avg_cycles,h2d_seed_min_cycles,h2d_seed_max_cycles,h2d_seed_avg_cycles,d2h_min_cycles,d2h_max_cycles,d2h_avg_cycles,visited_bcast_min_cycles,visited_bcast_max_cycles,visited_bcast_avg_cycles,vertical_bcast_min_cycles,vertical_bcast_max_cycles,vertical_bcast_avg_cycles,local_compute_min_cycles,local_compute_max_cycles,local_compute_avg_cycles,reduce_min_cycles,reduce_max_cycles,reduce_avg_cycles,local_term_cond_min_cycles,local_term_cond_max_cycles,local_term_cond_avg_cycles,relay_col_reduce_min_cycles,relay_col_reduce_max_cycles,relay_col_reduce_avg_cycles,relay_row_reduce_min_cycles,relay_row_reduce_max_cycles,relay_row_reduce_avg_cycles,relay_row_bcast_min_cycles,relay_row_bcast_max_cycles,relay_row_bcast_avg_cycles,relay_col_bcast_min_cycles,relay_col_bcast_max_cycles,relay_col_bcast_avg_cycles,relay_total_min_cycles,relay_total_max_cycles,relay_total_avg_cycles,search_time_cycles,visited_count,m_edges_traversed,m_convention,clock_freq_hz,search_time_seconds,gteps
2026-07-11T12:10:22.952336+00:00,rmat_s6_e4.mtx,64,330,8x8,0,1,3,10,True,11029,11051,11036.4,1652,1662,1656.5,6021,6049,6041.0,348;356;356,676;373;373,618.9;364.4;364.4,357;352;352,369;377;377,364.1;364.1;364.1,632;632;632,1577;2029;1636,957.8;1122.6;1007.7,582;582;582,1415;1695;1649,856.5;883.4;831.4,46;46;46,157;159;154,59.7;59.8;59.5,574;574;574,1461;1541;1386,790.2;843.0;809.6,575;575;575,1229;1228;1066,772.3;801.0;742.6,357;357;357,1139;1430;1015,619.1;669.5;603.4,357;357;357,638;992;757,483.0;605.2;531.4,2040;2023;2023,3176;3541;3219,2664.5;2918.8;2686.9,24614,54,165,undirected_dedup,875000000.0,2.8130285714285713e-05,0.005865564312992606
2026-07-11T12:16:48.802350+00:00,rmat_s6_e4.mtx,64,330,16x16,0,16,3,10,True,12115,12132,12129.0,1769,1774,1770.6,1885,1945,1929.0,347;356;356,572;389;389,515.9;370.2;370.2,357;340;340,369;393;393,364.6;364.8;364.8,392;392;392,985;1103;1010,516.6;562.5;529.7,584;584;584,1337;1521;1319,826.7;843.8;817.9,46;46;46,101;101;100,49.4;49.4;49.4,578;578;578,1502;1429;1379,809.3;867.5;812.6,578;578;578,1091;1092;1091,736.9;743.2;748.5,358;358;358,950;1027;1086,614.4;613.4;626.6,358;358;358,803;707;684,657.1;534.1;538.3,2411;2124;2210,3159;3151;3060,2817.6;2758.2;2726.0,21226,54,165,undirected_dedup,875000000.0,2.4258285714285713e-05,0.00680179967963818
2026-07-11T12:39:56.602817+00:00,rmat_s12_e4.mtx,4096,28666,16x16,0,16,5,10,True,63704,63715,63709.5,6220,6261,6239.9,31117,31177,31161.0,602;610;610;610;610,9394;643;643;643;643,8802.4;624.2;624.2;624.2;624.2,614;607;607;607;607,623;647;647;647;647,619.0;624.6;624.6;624.6;624.6,15512;15512;15512;15512;15512,37161;92107;45319;30296;30296,18654.0;21861.0;20347.7;18552.4;18498.2,839;839;839;839;839,18127;70934;22742;11205;11272,5638.4;13022.6;6363.7;4501.1;4528.7,47;47;47;47;47,9188;9308;8836;8764;8760,601.3;618.1;594.4;591.6;591.6,579;579;579;579;579,26040;76659;33944;19724;19724,9113.8;31172.8;11540.6;6751.7;6755.8,578;578;578;578;578,10236;37426;9856;9812;9812,4272.2;6025.2;4414.7;3529.7;3541.2,358;358;358;358;358,19585;47585;15005;12051;12299,5424.8;7055.8;5257.5;4887.0;4893.7,358;358;358;358;358,17075;66668;24147;10479;10479,5896.3;24901.8;8830.5;3500.8;3505.0,2125;2125;2125;2125;2125,33003;88056;40748;25646;25713,24707.1;69155.5;30043.3;18669.2;18695.7,648919,2507,14329,undirected_dedup,875000000.0,0.0007416217142857143,0.019321171055247267
2026-07-11T13:20:27.708054+00:00,rmat4.4x4.lb.mtx,16,108,4x4,0,1,3,10,False,9830,9834,9832.2,1480,1486,1483.5,2420,2432,2428.0,346;355;355,523;364;364,474.5;359.8;359.8,356;355;355,368;368;368,362.2;362.2;362.2,704;910;704,1049;1168;893,802.2;1035.9;773.2,581;581;581,995;988;988,724.5;706.9;689.0,46;46;46,101;101;100,59.7;59.6;59.5,575;575;575,1164;1144;1117,703.4;725.3;726.0,575;575;575,1081;984;940,721.1;717.8;688.4,354;354;354,817;977;923,505.1;521.1;523.9,357;357;357,559;666;727,461.0;535.5;538.0,2123;2230;2204,2595;2762;2640,2390.6;2499.6;2476.3,18221,16,108,directed_source_visited,875000000.0,2.0824e-05,0.005186323472915867
2026-07-11T13:20:52.862691+00:00,rmat4.4x4.lb.mtx,16,108,4x4,0,1,3,10,False,9830,9834,9832.2,1480,1486,1483.5,2420,2432,2428.0,346;355;355,523;364;364,474.5;359.8;359.8,356;355;355,368;368;368,362.2;362.2;362.2,704;910;704,1049;1168;893,802.2;1035.9;773.2,581;581;581,995;988;988,724.5;706.9;689.0,46;46;46,101;101;100,59.7;59.6;59.5,575;575;575,1164;1144;1117,703.4;725.3;726.0,575;575;575,1081;984;940,721.1;717.8;688.4,354;354;354,817;977;923,505.1;521.1;523.9,357;357;357,559;666;727,461.0;535.5;538.0,2123;2230;2204,2595;2762;2640,2390.6;2499.6;2476.3,18221,16,108,directed_source_visited,875000000.0,2.0824e-05,0.005186323472915867
2026-07-11T13:21:38.651317+00:00,rmat4.4x4.lb.mtx,16,108,4x4,0,1,3,10,False,9830,9834,9832.2,1482,1485,1483.5,2420,2432,2428.0,346;355;355,523;364;364,474.5;359.8;359.8,356;355;355,368;368;368,362.2;362.2;362.2,704;910;704,1049;1168;893,802.2;1035.9;773.2,581;581;581,995;988;988,724.5;706.9;689.0,46;46;46,101;101;100,59.7;59.6;59.5,575;575;575,1164;1144;1117,703.4;725.3;726.0,575;575;575,1081;984;940,721.1;717.8;688.4,354;354;354,817;977;923,505.1;521.1;523.9,357;357;357,559;666;727,461.0;535.5;538.0,2123;2230;2204,2595;2762;2640,2390.6;2499.6;2476.3,18220,16,108,directed_source_visited,875000000.0,2.0822857142857144e-05,0.005186608122941822
2026-07-11T13:45:32.474832+00:00,rmat_s12_e4.balanced8x8.mtx,4096,28666,8x8,0,8,5,10,False,21028,21035,21030.5,6049,6054,6051.4,60785,60813,60805.0,857;865;865;865;865,18321;882;882;882;882,16121.9;873.4;873.4;873.4;873.4,869;865;865;865;865,878;886;886;886;886,874.0;874.2;874.2;874.2;874.2,39200;51289;42821;39200;39200,47817;57678;51149;43038;42555,41953.1;54498.0;48192.9;41545.8;41332.1,1092;1095;1092;1092;1092,9317;8030;9448;4394;4255,4512.2;3600.5;3203.6;2165.2;2098.8,47;47;47;47;47,17800;18396;17572;17468;17464,2262.9;2330.5;2235.5;2224.3;2224.1,575;575;575;575;575,24750;20843;20973;19152;19353,8828.2;7387.6;7332.5;7033.8;7021.9,575;575;575;575;575,19512;19887;19104;18948;18932,3945.8;4034.8;3946.0;3754.6;3748.8,351;357;357;357;351,19297;19643;18876;18751;18705,6889.2;7206.7;6867.4;6788.8;6771.7,357;357;357;357;357,1049;2742;1937;1884;1548,711.1;1235.2;1128.5;1106.9;1018.9,2094;2220;2172;2228;2226,26869;23736;23992;22118;21983,20374.3;19864.4;19274.5;18684.0;18561.3,517404,2509,28178,directed_source_visited,875000000.0,0.0005913188571428571,0.04765280129260694
2026-07-11T13:53:20.749048+00:00,rmat_s6_e4.mtx,64,330,8x8,0,8,3,10,True,10927,10934,10930.9,1624,1632,1625.9,2317,2345,2337.0,348;356;356,676;373;373,618.9;364.4;364.4,357;352;352,369;377;377,364.1;364.1;364.1,632;632;632,1577;2029;1636,957.8;1122.6;1007.7,582;582;582,1415;1695;1649,856.5;883.4;831.4,46;46;46,157;159;154,59.7;59.8;59.5,574;574;574,1461;1541;1386,790.2;843.0;809.6,575;575;575,1229;1228;1066,772.3;801.0;742.6,357;357;357,1139;1430;1015,619.1;669.5;603.4,357;357;357,638;992;757,483.0;605.2;531.4,2040;2023;2023,3176;3541;3219,2664.5;2918.8;2686.9,24584,54,165,undirected_dedup,875000000.0,2.8096e-05,0.005872722095671982
2026-07-11T15:08:00.207142+00:00,rmat4.4x4.lb.mtx,16,108,4x4,0,1,3,10,False,9830,9834,9832.2,1482,1485,1483.5,2420,2432,2428.0,346;355;355,523;364;364,474.5;359.8;359.8,356;355;355,368;368;368,362.2;362.2;362.2,704;910;704,1049;1168;893,802.2;1035.9;773.2,581;581;581,995;988;988,724.5;706.9;689.0,46;46;46,101;101;100,59.7;59.6;59.5,575;575;575,1164;1144;1117,703.4;725.3;726.0,575;575;575,1081;984;940,721.1;717.8;688.4,354;354;354,817;977;923,505.1;521.1;523.9,357;357;357,559;666;727,461.0;535.5;538.0,2123;2230;2204,2595;2762;2640,2390.6;2499.6;2476.3,18220,16,108,directed_source_visited,875000000.0,2.0822857142857144e-05,0.005186608122941822
2026-07-11T20:39:31.354013+00:00,rmat4.4x4.lb.mtx,16,108,4x4,0,1,3,10,False,9830,9834,9832.2,1482,1485,1483.5,1456,1468,1464.0,346;355;355,523;364;364,474.5;359.8;359.8,356;355;355,368;368;368,362.2;362.2;362.2,704;910;704,1049;1168;893,802.2;1035.9;773.2,581;581;581,995;988;988,724.5;706.9;689.0,46;46;46,101;101;100,59.7;59.6;59.5,575;575;575,1164;1144;1117,703.4;725.3;726.0,575;575;575,1081;984;940,721.1;717.8;688.4,354;354;354,817;977;923,505.1;521.1;523.9,357;357;357,559;666;727,461.0;535.5;538.0,2123;2230;2204,2595;2762;2640,2390.6;2499.6;2476.3,19688,16,108,directed_source_visited,875000000.0,2.2500571428571427e-05,0.004799878098334011
2026-07-11T20:45:02.448730+00:00,rmat4.4x4.lb.mtx,16,108,4x4,0,1,3,10,False,9830,9834,9832.2,1482,1485,1483.5,1455,1467,1463.0,346;355;355,523;364;364,474.5;359.8;359.8,356;355;355,368;368;368,362.2;362.2;362.2,704;910;704,1049;1168;893,802.2;1035.9;773.2,581;581;581,995;988;988,724.5;706.9;689.0,46;46;46,101;101;100,59.7;59.6;59.5,575;575;575,1164;1144;1117,703.4;725.3;726.0,575;575;575,1081;984;940,721.1;717.8;688.4,354;354;354,817;977;923,505.1;521.1;523.9,357;357;357,559;666;727,461.0;535.5;538.0,2123;2230;2204,2595;2762;2640,2390.6;2499.6;2476.3,19687,16,108,directed_source_visited,875000000.0,2.2499428571428572e-05,0.004800121907857977
2026-07-11T21:03:12.367185+00:00,rmat4.4x4.lb.mtx,16,108,4x4,0,1,3,10,False,9830,9834,9832.2,1197,1401,1239.2,1454,1466,1462.0,346;355;355,523;364;364,474.5;359.8;359.8,356;355;355,368;368;368,362.2;362.2;362.2,704;910;704,1049;1168;893,802.2;1035.9;773.2,581;581;581,995;988;988,724.5;706.9;689.0,46;46;46,101;101;100,59.7;59.6;59.5,575;575;575,1164;1144;1117,703.4;725.3;726.0,575;575;575,1081;984;940,721.1;717.8;688.4,354;354;354,817;977;923,505.1;521.1;523.9,357;357;357,559;666;727,461.0;535.5;538.0,2123;2230;2204,2595;2762;2640,2390.6;2499.6;2476.3,19602,16,108,directed_source_visited,875000000.0,2.2402285714285713e-05,0.0048209366391184574
2026-07-11T21:05:47.148158+00:00,rmat_s8_e4.mtx,256,1490,8x8,0,1,4,15,True,23717,23747,23728.4,1197,1537,1239.5,10537,10565,10557.0,377;385;385;385,1521;402;402;402,1361.9;393.4;393.4;393.4,389;385;385;385,398;406;406;406,394.0;394.2;394.2;394.2,2072;2072;2072;2072,5689;9359;5567;4328,2930.9;3632.0;3143.2;2844.9,612;612;612;612,2830;4344;2309;1974,1383.3;1865.0;1252.9;1099.4,47;47;47;47,1228;1204;1148;1144,189.6;190.2;184.3;184.1,575;575;575;575,3958;6871;3873;2914,1474.9;2469.3;1561.6;1322.8,575;575;575;575,3590;3856;2174;2152,1302.3;1674.6;1187.4;1029.5,357;357;357;357,3864;4130;2776;2426,1350.2;1541.7;1153.5;1031.6,357;357;357;357,2901;5591;2590;1817,1111.5;1999.6;1057.5;789.0,2024;2024;2024;2024,6770;10356;6524;5329,5238.8;7685.2;4959.9;4172.9,86548,189,743,undirected_dedup,875000000.0,9.8912e-05,0.007511727596247169
