timestamp,infile_mtx,n,nnz,pe_grid,channels,matrix_symmetric,search_idx,source,rounds_completed,profiled_rounds,max_rounds,correctness_ok,h2d_seed_max_cycles,d2h_max_cycles,search_time_cycles,visited_count,m_edges_traversed,m_convention,clock_freq_hz,search_time_seconds,gteps,round_duration_cycles,total_runtime_cycles,visited_bcast_min_cycles,visited_bcast_max_cycles,visited_bcast_avg_cycles,visited_bcast_adjusted_min_cycles,visited_bcast_adjusted_max_cycles,visited_bcast_adjusted_avg_cycles,vertical_bcast_min_cycles,vertical_bcast_max_cycles,vertical_bcast_avg_cycles,vertical_bcast_adjusted_min_cycles,vertical_bcast_adjusted_max_cycles,vertical_bcast_adjusted_avg_cycles,local_compute_min_cycles,local_compute_max_cycles,local_compute_avg_cycles,reduce_min_cycles,reduce_max_cycles,reduce_avg_cycles,reduce_adjusted_min_cycles,reduce_adjusted_max_cycles,reduce_adjusted_avg_cycles,local_term_cond_min_cycles,local_term_cond_max_cycles,local_term_cond_avg_cycles,relay_col_reduce_min_cycles,relay_col_reduce_max_cycles,relay_col_reduce_avg_cycles,relay_col_reduce_adjusted_min_cycles,relay_col_reduce_adjusted_max_cycles,relay_col_reduce_adjusted_avg_cycles,relay_row_reduce_min_cycles,relay_row_reduce_max_cycles,relay_row_reduce_avg_cycles,relay_row_reduce_adjusted_min_cycles,relay_row_reduce_adjusted_max_cycles,relay_row_reduce_adjusted_avg_cycles,relay_row_bcast_min_cycles,relay_row_bcast_max_cycles,relay_row_bcast_avg_cycles,relay_row_bcast_adjusted_min_cycles,relay_row_bcast_adjusted_max_cycles,relay_row_bcast_adjusted_avg_cycles,relay_col_bcast_min_cycles,relay_col_bcast_max_cycles,relay_col_bcast_avg_cycles,relay_col_bcast_adjusted_min_cycles,relay_col_bcast_adjusted_max_cycles,relay_col_bcast_adjusted_avg_cycles,relay_total_min_cycles,relay_total_max_cycles,relay_total_avg_cycles,relay_critical_path_cycles
2026-07-13T11:25:33.366119+00:00,rmat4.4x4.lb.mtx,16,108,4x4,1,False,0,10,3,3,10,True,1401,1467,17682,16,108,directed_source_visited,875000000.0,2.0208e-05,0.005344418052256532,4921;4847;4952,14798,346;355;355,523;364;364,474.5;359.8;359.8,-4;355;355,523;364;364,192.7;359.8;359.8,356;355;355,368;368;368,362.2;362.2;362.2,-5;-5;-5,368;368;368,135.7;134.7;134.7,704;728;771,921;1114;1089,769.2;923.5;941.0,581;581;581,1008;1018;1078,696.6;739.1;698.1,5;6;15,635;635;638,303.4;290.8;302.1,46;46;46,100;101;100,59.5;59.7;59.5,575;575;575,1149;1084;1243,736.2;731.1;723.9,-2;-2;-2,643;632;629,358.8;363.2;351.5,41;41;41,900;782;798,203.6;197.6;202.4,41;41;41,634;634;634,130.1;115.6;121.8,33;33;33,741;537;727,156.2;138.2;168.2,-4;-4;-4,741;537;727,102.6;85.6;103.7,357;357;357,1980;1883;2060,1413.6;1335.8;1436.9,-3;-3;-3,1980;1883;2060,902.4;861.8;912.2,2209;2106;2240,2681;2586;2778,2509.7;2402.7;2531.4,2415;2297;2414
2026-07-13T11:25:44.183814+00:00,rmat4.4x4.lb.mtx,16,108,4x4,1,False,1,1,3,3,10,True,1401,1467,17445,16,108,directed_source_visited,875000000.0,1.9937142857142856e-05,0.005417024935511609,4739;4762;4934,14513,346;355;355,523;364;364,474.5;359.8;359.8,-4;355;355,523;364;364,192.7;359.8;359.8,356;355;355,368;368;368,362.2;362.2;362.2,-5;-5;-5,368;368;368,135.7;134.7;134.7,704;795;821,921;1069;1089,777.4;940.7;925.1,581;581;581,910;907;1032,690.8;676.9;702.9,-57;7;5,635;635;635,274.7;295.8;281.7,46;46;46,101;101;100,59.6;59.7;59.5,575;575;575,1035;1077;1161,693.2;710.8;744.8,-2;-2;-2,640;629;643,356.9;351.9;367.4,41;41;41,766;775;982,190.9;199.8;208.7,29;41;41,634;634;634,113.9;114.9;130.9,33;33;33,509;497;765,136.4;133.2;160.0,-4;-4;-4,509;497;765,83.9;83.1;104.1,357;357;357,1798;1918;2017,1304.8;1319.0;1411.1,-3;-3;-3,1798;1918;2017,822.6;834.3;908.0,2078;2066;2258,2471;2567;2739,2325.3;2362.8;2524.5,2215;2224;2497
2026-07-13T11:25:55.959246+00:00,rmat4.4x4.lb.mtx,16,108,4x4,1,False,2,4,3,3,10,True,1401,1467,17753,16,108,directed_source_visited,875000000.0,2.0289142857142858e-05,0.005323043992564636,4982;4974;4773,14807,346;355;355,523;364;364,474.5;359.8;359.8,-4;355;355,523;364;364,192.7;359.8;359.8,356;355;355,368;368;368,362.2;362.2;362.2,-5;-5;-5,368;368;368,135.7;134.7;134.7,704;869;704,1049;1182;941,794.2;1023.9;796.1,581;581;581,1164;1063;997,719.2;703.5;702.5,-1;-54;35,635;635;635,319.2;282.0;299.8,46;46;46,101;101;100,59.7;59.6;59.5,575;575;575,1310;1082;1165,754.7;717.0;727.2,-2;-2;-2,629;679;629,334.3;392.8;343.0,41;41;41,908;796;900,215.6;197.1;199.3,41;41;12,634;634;634,114.8;125.9;117.1,33;33;33,545;674;685,139.2;152.3;163.8,-4;-4;-4,545;674;685,89.2;98.9;99.1,357;357;357,2041;1988;1990,1413.4;1398.6;1402.6,-3;-3;-3,2041;1988;1990,888.5;904.3;892.2,2064;2219;2209,2742;2637;2693,2522.9;2465.0;2492.9,2425;2311;2415
2026-07-13T11:26:06.287283+00:00,rmat4.4x4.lb.mtx,16,108,4x4,1,False,3,12,3,3,10,True,1401,1466,17413,16,108,directed_source_visited,875000000.0,1.990057142857143e-05,0.005426979842646299,4934;4842;4773,14627,346;355;355,523;364;364,474.5;359.8;359.8,-4;355;355,523;364;364,192.7;359.8;359.8,356;355;355,368;368;368,362.2;362.2;362.2,-5;-5;-5,368;368;368,135.7;134.7;134.7,704;843;704,985;1134;941,790.2;1010.2;823.2,581;581;581,1005;936;997,721.5;680.8;691.2,5;1;15,635;635;635,278.9;297.1;289.8,46;46;46,101;101;100,59.7;59.6;59.5,575;575;575,1103;1123;1165,729.6;706.9;720.2,-2;-2;-2,662;632;629,356.4;362.8;344.1,41;41;41,803;729;903,193.2;195.8;199.5,2;41;35,634;634;634,116.5;115.6;118.6,33;33;33,654;513;708,160.5;135.2;165.2,-4;-4;-4,654;513;708,97.2;84.1;100.6,357;357;357,1991;1950;1929,1393.2;1331.6;1392.1,-3;-3;-3,1991;1950;1929,897.6;848.3;880.2,2223;2082;2209,2694;2599;2669,2476.6;2369.5;2477.0,2318;2188;2418
2026-07-13T11:26:17.282789+00:00,rmat4.4x4.lb.mtx,16,108,4x4,1,False,4,14,4,4,10,True,1401,1467,22137,16,108,directed_source_visited,875000000.0,2.5299428571428572e-05,0.004268871120748069,4851;4800;4885;4686,19339,346;355;355;355,523;364;364;364,474.5;359.8;359.8;359.8,-4;355;355;355,523;364;364;364,192.7;359.8;359.8;359.8,356;355;355;355,368;368;368;368,362.2;362.2;362.2;362.2,-5;-5;-5;-5,368;368;368;368,135.7;134.7;134.7;134.7,704;835;771;704,921;1083;1053;843,770.2;942.2;924.9;754.4,581;581;581;581,1011;960;1019;937,685.4;700.3;700.6;679.2,5;6;15;1,635;635;635;635,274.8;294.6;300.1;277.9,46;46;46;46,100;101;100;100,59.5;59.7;59.5;59.5,575;575;575;575,1126;1128;1160;1078,724.9;722.0;711.1;717.5,-2;-2;-2;-2,652;629;629;643,370.9;343.6;347.8;365.1,41;41;41;41,852;735;925;831,200.6;196.3;200.9;199.2,41;41;4;41,634;634;634;634,127.6;115.7;116.6;128.3,33;33;33;33,700;521;691;712,152.4;136.3;165.0;154.4,-4;-4;-4;-4,700;521;691;712,103.4;84.7;99.5;100.8,357;357;357;357,1908;1836;2041;1903,1371.9;1321.1;1401.1;1399.8,-3;-3;-3;-3,1908;1836;2041;1903,889.6;830.1;890.5;894.0,2149;2090;2209;2222,2611;2565;2690;2606,2449.8;2375.8;2478.0;2470.9,2367;2252;2374;2348
2026-07-13T11:26:27.368838+00:00,rmat4.4x4.lb.mtx,16,108,4x4,1,False,5,5,3,3,10,True,1401,1467,17676,16,108,directed_source_visited,875000000.0,2.020114285714286e-05,0.005346232179226069,4950;4931;4871,14830,346;355;355,523;364;364,474.5;359.8;359.8,-4;355;355,523;364;364,192.7;359.8;359.8,356;355;355,368;368;368,362.2;362.2;362.2,-5;-5;-5,368;368;368,135.7;134.7;134.7,704;835;704,937;1148;1039,777.4;959.9;902.3,581;581;581,1009;1111;1095,700.1;713.2;710.8,8;1;15,635;635;635,299.4;286.6;302.1,46;46;46,101;101;100,59.6;59.7;59.5,575;575;575,1178;1153;1263,718.2;732.1;713.2,-2;-2;-2,629;646;629,341.5;376.8;341.1,41;41;41,910;817;914,199.9;198.4;200.2,31;41;4,634;634;634,118.3;127.6;116.6,33;33;33,734;700;677,168.7;152.9;163.2,-4;-4;-4,734;700;677,102.2;103.1;98.6,357;357;357,2009;1981;2027,1440.1;1392.9;1399.7,-3;-3;-3,2009;1981;2027,901.5;907.7;885.2,2209;2161;2209,2710;2684;2767,2526.9;2476.2;2476.4,2427;2332;2363
2026-07-13T11:26:38.296309+00:00,rmat4.4x4.lb.mtx,16,108,4x4,1,False,6,2,4,4,10,True,1401,1467,22045,16,108,directed_source_visited,875000000.0,2.5194285714285713e-05,0.004286686323429349,4807;4812;4981;4633,19350,346;355;355;355,523;364;364;364,474.5;359.8;359.8;359.8,-4;355;355;355,523;364;364;364,192.7;359.8;359.8;359.8,356;355;355;355,368;368;368;368,362.2;362.2;362.2;362.2,-5;-5;-5;-5,368;368;368;368,135.7;134.7;134.7;134.7,704;704;869;704,857;971;1103;843,766.2;871.8;981.9;762.8,581;581;581;581,875;950;955;872,683.3;676.9;710.0;681.0,-57;7;-1;-57,635;635;635;635,276.1;288.9;296.1;276.2,46;46;46;46,100;101;100;100,59.5;59.7;59.5;59.5,575;575;575;575,1035;1105;1208;1025,688.4;703.9;734.6;687.7,-2;-2;-2;-2,629;629;629;629,349.6;356.4;362.2;349.4,41;41;41;41,851;812;924;846,200.9;199.8;204.9;200.6,41;41;41;41,634;634;634;634,119.9;117.9;120.2;119.9,33;33;33;33,630;710;683;630,154.1;162.1;160.4;154.1,-4;-4;-4;-4,630;710;683;630,95.7;98.7;99.0;95.7,357;357;357;357,1866;1962;2031;1856,1368.6;1415.8;1407.8;1365.3,-3;-3;-3;-3,1866;1962;2031;1856,864.0;901.6;903.2;862.4,2199;2217;2252;2199,2539;2665;2734;2529,2411.9;2481.6;2507.6;2407.8,2300;2341;2439;2295
2026-07-13T11:26:48.387540+00:00,rmat4.4x4.lb.mtx,16,108,4x4,1,False,7,0,3,3,10,True,1401,1467,17617,16,108,directed_source_visited,875000000.0,2.0133714285714284e-05,0.005364136913208833,4868;5029;4725,14700,346;355;355,523;364;364,474.5;359.8;359.8,-4;355;355,523;364;364,192.7;359.8;359.8,356;355;355,368;368;368,362.2;362.2;362.2,-5;-5;-5,368;368;368,135.7;134.7;134.7,704;910;704,1049;1168;893,802.2;1035.9;773.2,581;581;581,995;988;988,724.5;706.9;689.0,-57;6;1,635;635;635,273.3;305.0;289.9,46;46;46,101;101;100,59.7;59.6;59.5,575;575;575,1164;1144;1117,703.4;725.3;726.0,-2;-2;-2,643;629;643,358.9;362.9;356.1,41;41;41,797;927;872,192.9;206.8;201.8,12;41;41,634;634;634,112.9;119.9;129.2,33;33;33,559;666;727,143.8;158.6;154.6,-4;-4;-4,559;666;727,87.0;97.9;101.8,357;357;357,1927;2064;1942,1355.5;1413.9;1398.9,-3;-3;-3,1927;2064;1942,849.9;907.2;890.6,2128;2235;2209,2600;2767;2645,2395.6;2504.6;2481.3,2314;2376;2387
2026-07-13T11:26:58.567245+00:00,rmat4.4x4.lb.mtx,16,108,4x4,1,False,8,6,3,3,10,True,1401,1467,17813,16,108,directed_source_visited,875000000.0,2.0357714285714284e-05,0.00530511424240723,4932;4967;4871,14848,346;355;355,523;364;364,474.5;359.8;359.8,-4;355;355,523;364;364,192.7;359.8;359.8,356;355;355,368;368;368,362.2;362.2;362.2,-5;-5;-5,368;368;368,135.7;134.7;134.7,704;821;728,985;1131;1027,774.2;956.8;908.3,581;581;581,912;1042;956,694.3;693.4;700.6,-1;-1;6,649;635;635,294.2;305.2;274.1,46;46;46,100;101;100,59.5;59.7;59.5,575;575;575,1049;1239;1098,697.0;730.5;702.0,-2;-2;-2,629;629;629,359.0;340.1;370.8,41;41;41,796;798;857,197.1;203.9;196.6,41;41;9,634;634;634,128.6;120.1;116.9,33;33;33,716;713;722,165.6;164.7;168.6,-4;-4;-4,716;713;722,108.0;101.1;101.4,357;357;357,1991;1995;1931,1458.2;1436.1;1413.4,-3;-3;-3,1991;1995;1931,916.6;904.6;909.9,2285;2212;2289,2692;2746;2609,2517.9;2535.1;2480.6,2438;2415;2374
2026-07-13T11:27:09.032790+00:00,rmat4.4x4.lb.mtx,16,108,4x4,1,False,9,8,3,3,10,True,1401,1466,17635,16,108,directed_source_visited,875000000.0,2.0154285714285713e-05,0.0053586617521973355,5004;4930;4791,14803,346;355;355,523;364;364,474.5;359.8;359.8,-4;355;355,523;364;364,192.7;359.8;359.8,356;355;355,368;368;368,362.2;362.2;362.2,-5;-5;-5,368;368;368,135.7;134.7;134.7,704;895;704,985;1148;943,790.2;1010.6;826.1,581;581;581,1123;1044;1015,709.5;691.2;707.9,5;1;6,638;635;635,325.4;285.9;285.2,46;46;46,101;101;100,59.7;59.6;59.5,575;575;575,1289;1111;1183,740.3;727.1;716.1,-2;-2;-2,629;643;629,347.6;372.6;340.3,41;41;41,836;845;899,195.3;200.1;203.7,41;41;41,634;634;634,115.2;125.4;119.9,33;33;33,760;665;655,167.6;149.8;157.2,-4;-4;-4,760;665;655,100.1;99.9;97.2,357;357;357,2063;1932;1947,1455.4;1369.8;1398.4,-3;-3;-3,2063;1932;1947,923.4;886.9;876.6,2149;2161;2209,2764;2635;2687,2558.6;2446.7;2475.4,2353;2360;2414
2026-07-13T11:27:19.785151+00:00,rmat4.4x4.lb.mtx,16,108,4x4,1,False,10,3,4,4,10,True,1401,1467,22073,16,108,directed_source_visited,875000000.0,2.5226285714285715e-05,0.004281248584243193,4808;4830;4966;4686,19407,346;355;355;355,523;364;364;364,474.5;359.8;359.8;359.8,-4;355;355;355,523;364;364;364,192.7;359.8;359.8;359.8,356;355;355;355,368;368;368;368,362.2;362.2;362.2;362.2,-5;-5;-5;-5,368;368;368;368,135.7;134.7;134.7;134.7,704;771;843;704,857;1035;1120;843,766.2;891.6;974.0;754.4,581;581;581;581,875;946;988;937,683.3;684.3;703.9;679.2,-57;1;6;1,635;635;635;635,276.1;286.6;303.2;277.9,46;46;46;46,101;101;100;100,59.6;59.7;59.5;59.5,575;575;575;575,1036;1155;1143;1078,688.4;707.4;721.1;717.5,-2;-2;-2;-2,629;643;629;643,349.6;371.4;351.1;365.1,41;41;41;41,852;832;944;831,200.9;199.3;209.8;199.2,41;41;41;41,634;634;634;634,119.9;126.4;119.9;128.3,33;33;33;33,631;698;651;712,154.2;156.1;156.8;154.4,-4;-4;-4;-4,631;698;651;712,95.8;99.9;97.0;100.8,357;357;357;357,1867;1986;2068;1903,1369.2;1409.6;1418.9;1399.8,-3;-3;-3;-3,1867;1986;2068;1903,864.4;896.7;905.9;894.0,2200;2236;2220;2222,2540;2659;2771;2606,2412.9;2472.4;2506.6;2470.9,2301;2279;2393;2348
2026-07-13T11:27:30.927603+00:00,rmat4.4x4.lb.mtx,16,108,4x4,1,False,11,15,4,4,10,True,1401,1467,22298,16,108,directed_source_visited,875000000.0,2.5483428571428573e-05,0.004238048255448918,4856;4804;5001;4725,19503,346;355;355;355,523;364;364;364,474.5;359.8;359.8;359.8,-4;355;355;355,523;364;364;364,192.7;359.8;359.8;359.8,356;355;355;355,368;368;368;368,362.2;362.2;362.2;362.2,-5;-5;-5;-5,368;368;368;368,135.7;134.7;134.7;134.7,704;704;869;704,857;1035;1120;893,756.1;848.8;1005.0;764.8,581;581;581;581,951;1009;1049;988,683.5;702.9;700.3;690.9,5;-6;6;1,635;635;635;635,278.8;284.1;294.6;298.2,46;46;46;46,100;101;101;100,59.5;59.7;59.6;59.5,575;575;575;575,1084;1178;1116;1117,720.9;711.9;724.1;721.8,-2;-2;-2;-2,643;629;643;643,364.6;336.9;380.6;351.2,41;41;41;41,833;893;832;940,199.4;216.6;199.3;206.1,41;41;41;41,634;634;634;634,127.9;114.8;131.4;129.2,33;33;33;33,705;531;776;727,153.5;138.4;160.8;154.6,-4;-4;-4;-4,705;531;776;727,100.4;88.4;104.8;101.8,357;357;357;357,1913;2027;2036;1948,1397.1;1403.8;1429.9;1405.4,-3;-3;-3;-3,1913;2027;2036;1948,893.3;878.7;921.5;893.6,2214;2064;2260;2209,2616;2700;2739;2645,2470.9;2470.6;2514.1;2487.8,2350;2410;2349;2387
2026-07-13T11:27:42.473493+00:00,rmat4.4x4.lb.mtx,16,108,4x4,1,False,12,13,3,3,10,True,1400,1467,17461,16,108,directed_source_visited,875000000.0,1.995542857142857e-05,0.005412061164881737,4983;4801;4817,14679,346;355;355,523;364;364,474.5;359.8;359.8,-4;355;355,523;364;364,192.7;359.8;359.8,356;355;355,368;368;368,362.2;362.2;362.2,-5;-5;-5,368;368;368,135.7;134.7;134.7,704;835;771,947;1083;1027,781.4;962.3;899.8,581;581;581,1011;961;959,693.9;690.4;688.1,5;6;-16,635;635;635,286.4;286.7;282.5,46;46;46,101;101;100,59.6;59.7;59.5,575;575;575,1126;1130;1142,734.6;713.5;703.7,-2;-2;-2,663;629;629,385.6;338.3;354.6,41;41;41,851;819;857,200.5;201.7;200.8,41;41;41,634;634;634,133.6;115.6;119.9,33;33;33,832;522;668,165.6;136.4;158.9,-4;-4;-4,832;522;668,108.3;84.7;98.1,357;357;357,2040;1837;1973,1461.5;1315.1;1384.3,-3;-3;-3,2040;1837;1973,946.2;824.5;881.2,2281;2091;2234,2743;2566;2646,2562.2;2366.6;2447.7,2401;2268;2306
2026-07-13T11:27:55.973543+00:00,rmat4.4x4.lb.mtx,16,108,4x4,1,False,13,7,4,4,10,True,1401,1466,22197,16,108,directed_source_visited,875000000.0,2.5368e-05,0.004257332071901608,4769;4816;4950;4686,19338,346;355;355;355,523;364;364;364,474.5;359.8;359.8;359.8,-4;355;355;355,523;364;364;364,192.7;359.8;359.8;359.8,356;355;355;355,368;368;368;368,362.2;362.2;362.2;362.2,-5;-5;-5;-5,368;368;368;368,135.7;134.7;134.7;134.7,704;704;843;704,921;1083;1103;843,765.2;873.8;977.2;754.4,581;581;581;581,958;1087;957;937,692.8;750.1;688.9;679.2,8;-57;16;1,635;635;635;635,291.9;272.9;310.5;277.9,46;46;46;46,101;101;100;100,59.6;59.6;59.5;59.5,575;575;575;575,1104;1058;1162;1078,714.1;699.8;725.7;717.5,-2;-2;-2;-2,629;643;629;643,340.9;366.2;354.8;365.1,41;41;41;41,747;796;796;831,198.8;197.1;200.2;199.2,41;41;41;41,634;634;634;634,114.3;123.4;120.8;128.3,33;33;33;33,488;634;666;712,133.1;148.6;159.6;154.4,-4;-4;-4;-4,488;634;666;712,83.6;96.2;98.9;100.8,357;357;357;357,1828;1858;2058;1903,1319.4;1365.1;1417.0;1399.8,-3;-3;-3;-3,1828;1858;2058;1903,827.0;865.2;894.2;894.0,2057;2201;2224;2222,2529;2567;2736;2606,2365.4;2410.4;2502.4;2470.9,2278;2313;2412;2348
2026-07-13T11:28:09.922047+00:00,rmat4.4x4.lb.mtx,16,108,4x4,1,False,14,9,3,3,10,True,1401,1467,17479,16,108,directed_source_visited,875000000.0,1.9976e-05,0.0054064877853424115,4853;4945;4839,14715,346;355;355,523;364;364,474.5;359.8;359.8,-4;355;355,523;364;364,192.7;359.8;359.8,356;355;355,368;368;368,362.2;362.2;362.2,-5;-5;-5,368;368;368,135.7;134.7;134.7,704;821;728,937;1148;1010,789.4;987.2;850.6,581;581;581,1008;961;999,708.8;689.0;709.2,5;6;6,638;635;635,319.7;275.4;297.7,46;46;46,101;101;100,59.6;59.6;59.5,575;575;575,1146;1220;1066,741.2;713.2;719.2,-2;-2;-2,629;629;652,342.4;363.5;377.6,41;41;41,767;905;800,196.1;199.6;193.1,41;-1;41,634;634;634,115.6;116.3;119.0,33;33;33,544;682;703,139.1;164.2;164.1,-4;-4;-4,544;682;703,86.1;98.9;100.2,357;357;357,1912;1953;1989,1332.8;1410.2;1421.2,-3;-3;-3,1912;1953;1989,848.6;901.8;920.2,2113;2251;2246,2613;2724;2692,2409.2;2487.2;2497.6,2216;2420;2315
2026-07-13T11:28:22.183446+00:00,rmat4.4x4.lb.mtx,16,108,4x4,1,False,15,11,4,4,10,True,1401,1467,22265,16,108,directed_source_visited,875000000.0,2.5445714285714287e-05,0.004244329665394116,4857;4819;4967;4780,19540,346;355;355;355,523;364;364;364,474.5;359.8;359.8;359.8,-4;355;355;355,523;364;364;364,192.7;359.8;359.8;359.8,356;355;355;355,368;368;368;368,362.2;362.2;362.2;362.2,-5;-5;-5;-5,368;368;368;368,135.7;134.7;134.7;134.7,704;704;821;704,857;947;1134;910,756.1;811.0;996.4;813.9,581;581;581;581,917;947;1059;919,679.9;701.5;708.5;698.8,5;-57;59;-57,635;635;635;635,286.8;277.4;314.4;274.2,46;46;46;46,100;101;101;100,59.5;59.6;59.6;59.5,575;575;575;575,1085;1066;1242;1105,710.0;711.9;726.1;713.8,-2;-2;-2;-2,629;643;629;629,335.6;375.4;342.4;363.9,41;41;41;41,902;919;881;873,209.0;200.5;202.2;203.4,41;41;41;41,634;634;634;634,119.9;120.2;120.2;119.9,33;33;33;33,677;749;654;692,160.0;168.6;156.8;161.9,-4;-4;-4;-4,677;749;654;692,98.6;103.1;97.2;99.6,357;357;357;357,1916;1969;2003;1936,1396.5;1443.8;1395.5;1406.8,-3;-3;-3;-3,1916;1969;2003;1936,882.7;929.8;883.6;898.4,2209;2289;2209;2261,2617;2672;2746;2609,2475.5;2524.9;2480.5;2485.8,2366;2434;2330;2390
